gene,codon_pos,target_aas,mutated_aa,codon_pairs,pos_total,fourth_na_prevalence,target_aa_prevalence,mutated_aa_prevalence,is_drm,target_codon_prevalence,mutated_codon_prevalence,pcnt_stops_plasma,pcnt_stops_pbmc,pcnt_stops_all,mutated_codon_prevalence_A,mutated_codon_prevalence_B,mutated_codon_prevalence_C,mutated_codon_prevalence_CRF01_AE,mutated_codon_prevalence_CRF02_AG,mutated_codon_prevalence_others,mutated_codon_prevalence_other_subtype
PR,6,W,*,"TGGA => TAAA (NGGA), TGGG => TAAG (NGGG), TGG => TAG (NGG), TGGA => TGAA (NNGA), TGGG => TGAG (NNGG)",178319,0.0018445687697335623,0.9972408997358666,0.0,False,0.9972452539039153,,1.0,1.0,1.0,,,,,,,
PR,16,EGR,K,"AGA => AAA (NGA), AGGA => AAAA (NGGA), AGGG => AAAG (NGGG), AGG => AAG (NGG), GAA => AAA (GAN), GAGA => AAAA (GAGA), GAGG => AAAG (GAGG), GAG => AAG (GAN), GGA => AAA (GGA), GGG => AAG (GGG)",182664,0.9999731046873152,0.9844468532387335,3.2847194849559846e-05,False,0.9839650775813631,3.241561135843022e-05,0.14285714285714285,0.8461538461538461,0.6,0.0,9.351212852306944e-06,3.846005922849121e-05,0.00024084778420038535,0.0,0.00024084778420038535,CRF01_AE
PR,17,EGR,K,"AGA => AAA (NGA), AGGA => AAAA (NGGA), AGGG => AAAG (NGGG), AGG => AAG (NGG), GAA => AAA (GAN), GAGA => AAAA (GAGA), GAGG => AAAG (GAGG), GAG => AAG (GAN), GGA => AAA (GGA), GGG => AAG (GGG)",184951,0.0064592150567275835,0.9943931095263069,2.162734994674265e-05,False,0.8793422482329779,1.075812507396211e-05,0.0,,0.2,0.0,9.348328051527984e-06,0.0,0.0,0.00011640088464672332,0.00011640088464672332,CRF02_AG
PR,17,G,S,"GGC => AGC (GGN), GGT => AGT (GGN)",184951,0.0064592150567275835,0.9796432568626284,7.569572481359928e-05,False,0.11544006110615042,5.9169687906791604e-05,0.0,0.6666666666666666,0.13333333333333333,0.0,9.348328051527984e-06,0.0003900916715428126,0.0,0.0,0.0003900916715428126,C
PR,25,D,N,"GAC => AAC (GAN), GAT => AAT (GAN)",185804,0.9998797410773108,0.9993972142687993,0.0001453144173430066,False,0.9994448359063054,0.00012277667456707877,1.0,1.0,1.0,9.378223764419019e-05,0.00012992436545867942,3.8639876352395674e-05,0.0002877532228360958,0.0,0.0017605633802816902,B + F
PR,27,G,E,"GGA => GAA (NGA), GGGA => GAAA (NGGA), GGGG => GAAG (NGGG), GGG => GAG (NGG)",186075,0.9999529305935453,0.9999086389896548,3.7619239553943305e-05,False,0.999390724302747,2.6261883502284785e-05,0.2,0.75,0.5,0.00018509949097639982,1.8247176249475392e-05,3.774581965047371e-05,0.0,0.0,0.00018509949097639982,A
PR,27,EGR,K,"AGA => AAA (NGA), AGGA => AAAA (NGGA), AGGG => AAAG (NGGG), AGG => AAG (NGG), GAA => AAA (GAN), GAGA => AAAA (GAGA), GAGG => AAAG (GAGG), GAG => AAG (GAN), GGA => AAA (GGA), GGG => AAG (GGG)",186075,0.9999529305935453,0.9999838774687626,0.0,False,0.9994327433163506,,,0.6666666666666666,0.6666666666666666,,,,,,,
PR,27,G,R,"GGA => AGA (GGN), GGGA => AGAA (GGGA), GGGG => AGAG (GGGG), GGG => AGG (GGN)",186075,0.9999529305935453,0.9999086389896548,3.7619239553943305e-05,False,0.999390724302747,1.575713010137087e-05,0.16666666666666666,0.5714285714285714,0.37037037037037035,0.0,1.8247176249475392e-05,0.0,0.0,0.0,1.8247176249475392e-05,B
PR,29,D,N,"GAC => AAC (GAN), GAT => AAT (GAN)",186266,0.9999632574862872,0.9995436633631474,0.00010737332631827602,False,0.9996195618185987,7.81722290550541e-05,0.3125,0.4166666666666667,0.35555555555555557,0.00018129079042784627,2.7264547908354766e-05,0.0001122754491017964,0.00017094991167587896,0.00011361054305839582,0.0024509803921568627,CRF45_cpx
PR,40,G,E,"GGA => GAA (NGA), GGGA => GAAA (NGGA), GGGG => GAAG (NGGG), GGG => GAG (NGG)",186309,0.9987945388303797,0.9997047915022892,0.00011808339908431692,False,0.9939566583249029,0.00011181513231457324,0.125,0.7916666666666666,0.42105263157894735,0.00018658456945610597,6.503642039542143e-05,0.00015340952673161004,0.00017336030049118752,0.00011538017768547363,0.0006309148264984228,F
PR,40,EGR,K,"AGA => AAA (NGA), AGGA => AAAA (NGGA), AGGG => AAAG (NGGG), AGG => AAG (NGG), GAA => AAA (GAN), GAGA => AAAA (GAGA), GAGG => AAAG (GAGG), GAG => AAG (GAN), GGA => AAA (GGA), GGG => AAG (GGG)",186309,0.9987945388303797,0.9999409583004579,1.0734854462210628e-05,False,0.9941643149992013,5.324530110217774e-06,0.0,1.0,0.3333333333333333,0.0,0.0,0.0,0.0,0.0,0.0003136762860727729,D
PR,40,G,R,"GGA => AGA (GGN), GGGA => AGAA (GGGA), GGGG => AGAG (GGGG), GGG => AGG (GGN)",186309,0.9987945388303797,0.9997047915022892,0.00011808339908431692,False,0.9939566583249029,9.584154198391991e-05,0.14814814814814814,0.5925925925925926,0.3684210526315789,0.0,0.00012078192359149695,3.835238168290251e-05,5.778676683039584e-05,0.0,0.0019342359767891683,CRF35_AD
PR,40,G,S,"GGC => AGC (GGN), GGT => AGT (GGN)",186309,0.9987945388303797,0.9997047915022892,0.0,False,0.00578776422980672,,,,,,,,,,,
PR,42,W,*,"TGGA => TAAA (NGGA), TGGG => TAAG (NGGG), TGG => TAG (NGG), TGGA => TGAA (NNGA), TGGG => TGAG (NNGG)",186231,0.9996211898905717,0.9989421739667402,0.0,False,0.9989960466084061,,1.0,1.0,1.0,,,,,,,
PR,48,EGR,K,"AGA => AAA (NGA), AGGA => AAAA (NGGA), AGGG => AAAG (NGGG), AGG => AAG (NGG), GAA => AAA (GAN), GAGA => AAAA (GAGA), GAGG => AAAG (GAGG), GAG => AAG (GAN), GGA => AAA (GGA), GGG => AAG (GGG)",186136,0.9999947786949872,0.992881548974943,5.372415867967508e-06,False,0.9924538066294549,,0.3333333333333333,0.5833333333333334,0.5263157894736842,,,,,,,
PR,48,G,R,"GGA => AGA (GGN), GGGA => AGAA (GGGA), GGGG => AGAG (GGGG), GGG => AGG (GGN)",186136,0.9999947786949872,0.9926129281815447,0.00011282073322731766,False,0.9922478573352274,7.393051587657829e-05,0.23255813953488372,0.6923076923076923,0.5137614678899083,0.00018203331209611358,5.5052437446667954e-05,3.925262992620505e-05,5.716245569909683e-05,0.00022823234052265205,0.003355704697986577,CRF18_cpx
PR,49,EGR,K,"AGA => AAA (NGA), AGGA => AAAA (NGGA), AGGG => AAAG (NGGG), AGG => AAG (NGG), GAA => AAA (GAN), GAGA => AAAA (GAGA), GAGG => AAAG (GAGG), GAG => AAG (GAN), GGA => AAA (GGA), GGG => AAG (GGG)",186247,0.9969503771627559,0.999957046287994,1.6107642002287287e-05,False,0.9986006902565228,1.0442610025949886e-05,0.0,0.8181818181818182,0.5625,0.0,9.101996978137003e-06,0.0,0.0,0.00011383039271485487,0.00011383039271485487,CRF02_AG
PR,49,G,R,"GGA => AGA (GGN), GGGA => AGAA (GGGA), GGGG => AGAG (GGGG), GGG => AGG (GGN)",186247,0.9969503771627559,0.9997154316579596,4.832292600686186e-05,False,0.9983970593610167,3.65491350908246e-05,0.19230769230769232,0.7241379310344828,0.5697674418604651,0.0,3.640798791254801e-05,7.515124187427197e-05,5.715265474081271e-05,0.0,7.515124187427197e-05,C
PR,51,G,E,"GGA => GAA (NGA), GGGA => GAAA (NGGA), GGGG => GAAG (NGGG), GGG => GAG (NGG)",186311,0.99997338471857,0.9994042219729378,0.00010198002265029976,False,0.9916872954602668,0.00010489217084836788,0.11428571428571428,0.7272727272727273,0.3508771929824561,0.00018296587686396487,5.477301151146125e-05,0.0001890287701788212,0.00028773666340565113,0.00011420740063956144,0.00030950170225936243,D
PR,51,EGR,K,"AGA => AAA (NGA), AGGA => AAAA (NGGA), AGGG => AAAG (NGGG), AGG => AAG (NGG), GAA => AAA (GAN), GAGA => AAAA (GAGA), GAGG => AAAG (GAGG), GAG => AAG (GAN), GGA => AAA (GGA), GGG => AAG (GGG)",186311,0.99997338471857,0.9995491409524935,1.0734739226347343e-05,False,0.9918131660652849,1.0489217084836788e-05,0.3333333333333333,0.8333333333333334,0.6842105263157895,0.0,9.12883525191021e-06,0.0,0.0,0.0,0.002457002457002457,CRF45_cpx
PR,51,G,R,"GGA => AGA (GGN), GGGA => AGAA (GGGA), GGGG => AGAG (GGGG), GGG => AGG (GGN)",186311,0.99997338471857,0.9994042219729378,4.293895690538937e-05,False,0.9916872954602668,2.0978434169673576e-05,0.23529411764705882,0.7105263157894737,0.5909090909090909,9.148293843198243e-05,1.825767050382042e-05,0.0,0.0,0.0,0.000308546744831842,F
PR,51,G,S,"GGC => AGC (GGN), GGT => AGT (GGN)",186311,0.99997338471857,0.9994042219729378,0.0,False,0.00774104220860955,,,,,,,,,,,
PR,52,G,E,"GGA => GAA (NGA), GGGA => GAAA (NGGA), GGGG => GAAG (NGGG), GGG => GAG (NGG)",186331,0.0002672157688740785,0.9998175290209359,1.0733587003772855e-05,False,0.03279534977802855,1.0646112571994337e-05,0.0,,0.0,0.0,9.26509283623022e-06,0.0,0.0,0.0,0.00024177949709864604,G
PR,52,EGR,K,"AGA => AAA (NGA), AGGA => AAAA (NGGA), AGGG => AAAG (NGGG), AGG => AAG (NGG), GAA => AAA (GAN), GAGA => AAAA (GAGA), GAGG => AAAG (GAGG), GAG => AAG (GAN), GGA => AAA (GGA), GGG => AAG (GGG)",186331,0.0002672157688740785,0.9998658301624529,0.0,False,0.032832611172030526,,1.0,0.5,0.6666666666666666,,,,,,,
PR,52,G,R,"GGA => AGA (GGN), GGGA => AGAA (GGGA), GGGG => AGAG (GGGG), GGG => AGG (GGN)",186331,0.0002672157688740785,0.9998175290209359,3.7567554513204994e-05,False,0.03279534977802855,2.661528142998584e-05,0.18181818181818182,0.5,0.26666666666666666,0.0,3.706037134492088e-05,0.0,5.784024524263983e-05,0.0,5.784024524263983e-05,CRF01_AE
PR,52,G,S,"GGC => AGC (GGN), GGT => AGT (GGN)",186331,0.0002672157688740785,0.9998175290209359,4.293434801509142e-05,False,0.9670449585333915,3.193833771598301e-05,0.21739130434782608,0.746031746031746,0.6067415730337079,9.33009889904833e-05,1.853018567246044e-05,0.0,0.00011568049048527966,0.0,0.00024177949709864604,G
PR,68,EGR,K,"AGA => AAA (NGA), AGGA => AAAA (NGGA), AGGG => AAAG (NGGG), AGG => AAG (NGG), GAA => AAA (GAN), GAGA => AAAA (GAGA), GAGG => AAAG (GAGG), GAG => AAG (GAN), GGA => AAA (GGA), GGG => AAG (GGG)",186021,0.3861855109837122,0.9993441600679493,1.0751474295912828e-05,False,0.9808727485405451,1.0830833215999307e-05,0.2,1.0,0.8333333333333334,9.585889570552147e-05,9.408842430115823e-06,0.0,0.0,0.0,9.585889570552147e-05,A
PR,68,G,R,"GGA => AGA (GGN), GGGA => AGAA (GGGA), GGGG => AGAG (GGGG), GGG => AGG (GGN)",186021,0.3861855109837122,0.9944199848404213,6.450884577547696e-05,False,0.9758580727615375,2.707708303999827e-05,0.2857142857142857,0.7191011235955056,0.6186440677966102,9.585889570552147e-05,1.8817684860231646e-05,3.942129538376631e-05,0.0,0.0,0.0002494387627837366,G
PR,68,G,S,"GGC => AGC (GGN), GGT => AGT (GGN)",186021,0.3861855109837122,0.9944199848404213,0.0,False,0.01843949355023882,,,,,,,,,,,
PR,73,G,E,"GGA => GAA (NGA), GGGA => GAAA (NGGA), GGGG => GAAG (NGGG), GGG => GAG (NGG)",185608,0.9664734838126091,0.9815740700831861,3.2326192836515665e-05,False,0.025719164586890844,3.152502298699593e-05,0.0,0.5,0.125,0.0,3.6637417794793826e-05,0.0,0.0,0.0,0.00047938638542665386,G
PR,73,EGR,K,"AGA => AAA (NGA), AGGA => AAAA (NGGA), AGGG => AAAG (NGGG), AGG => AAG (NGG), GAA => AAA (GAN), GAGA => AAAA (GAGA), GAGG => AAAG (GAGG), GAG => AAG (GAN), GGA => AAA (GGA), GGG => AAG (GGG)",185608,0.9664734838126091,0.981627947071247,1.0775397612171889e-05,False,0.025755943780375677,1.050834099566531e-05,0.0,1.0,0.3333333333333333,0.0,9.159354448698456e-06,0.0,5.730002292000917e-05,0.0,5.730002292000917e-05,CRF01_AE
PR,73,G,R,"GGA => AGA (GGN), GGGA => AGAA (GGGA), GGGG => AGAG (GGGG), GGG => AGG (GGN)",185608,0.9664734838126091,0.9815740700831861,2.1550795224343778e-05,False,0.025719164586890844,5.254170497832655e-06,0.5555555555555556,0.3333333333333333,0.5,0.0,9.159354448698456e-06,0.0,0.0,0.0,9.159354448698456e-06,B
PR,78,G,E,"GGA => GAA (NGA), GGGA => GAAA (NGGA), GGGG => GAAG (NGGG), GGG => GAG (NGG)",186341,0.002956208834659293,0.9997853397802953,3.7565538448328605e-05,False,0.9964002234707537,3.68937565222891e-05,0.16666666666666666,0.6666666666666666,0.38095238095238093,0.0,5.492795283519783e-05,3.840540748137338e-05,0.0,0.0,5.492795283519783e-05,B
PR,78,EGR,K,"AGA => AAA (NGA), AGGA => AAAA (NGGA), AGGG => AAAG (NGGG), AGG => AAG (NGG), GAA => AAA (GAN), GAGA => AAAA (GAGA), GAGG => AAAG (GAGG), GAG => AAG (GAN), GGA => AAA (GGA), GGG => AAG (GGG)",186341,0.002956208834659293,0.9999517014505664,5.3665054926183715e-06,False,0.9965214458136128,,0.5,0.8,0.7777777777777778,,,,,,,
PR,78,G,R,"GGA => AGA (GGN), GGGA => AGAA (GGGA), GGGG => AGAG (GGGG), GGG => AGG (GGN)",186341,0.002956208834659293,0.9997853397802953,0.00012879613182284092,False,0.9964002234707537,8.43285863366608e-05,0.15384615384615385,0.7313432835820896,0.5045871559633027,0.0,6.408261164106413e-05,7.681081496274676e-05,0.00022935779816513763,0.0002308136180034622,0.00031133250311332503,D
PR,86,G,E,"GGA => GAA (NGA), GGGA => GAAA (NGGA), GGGG => GAAG (NGGG), GGG => GAG (NGG)",186312,0.8541723724981607,0.9998336124350552,8.0510112070076e-05,False,0.9878557914874276,6.341623244163064e-05,0.19047619047619047,0.5882352941176471,0.358974358974359,0.0,7.327013783944681e-05,0.00011514104778353483,5.77634011090573e-05,0.0,0.00011514104778353483,C
PR,86,EGR,K,"AGA => AAA (NGA), AGGA => AAAA (NGGA), AGGG => AAAG (NGGG), AGG => AAG (NGG), GAA => AAA (GAN), GAGA => AAAA (GAGA), GAGG => AAAG (GAGG), GAG => AAG (GAN), GGA => AAA (GGA), GGG => AAG (GGG)",186312,0.8541723724981607,0.999967795955172,1.0734681609343466e-05,False,0.9879456311500533,1.0569372073605107e-05,0.2857142857142857,0.75,0.625,0.0,0.0,3.8380349261178276e-05,0.0,0.0,0.00031496062992125983,D
PR,86,G,R,"GGA => AGA (GGN), GGGA => AGAA (GGGA), GGGG => AGAG (GGGG), GGG => AGG (GGN)",186312,0.8541723724981607,0.9998336124350552,5.367340804671733e-05,False,0.9878557914874276,2.642343018401277e-05,0.27906976744186046,0.6766917293233082,0.5810055865921788,0.0,1.8317534459861704e-05,7.676069852235655e-05,0.0,0.0,0.0003125,F
PR,86,G,S,"GGC => AGC (GGN), GGT => AGT (GGN)",186312,0.8541723724981607,0.9998336124350552,0.0,False,0.012012091361652204,,,,,,,,,,,
PR,87,EGR,K,"AGA => AAA (NGA), AGGA => AAAA (NGGA), AGGG => AAAG (NGGG), AGG => AAG (NGG), GAA => AAA (GAN), GAGA => AAAA (GAGA), GAGG => AAAG (GAGG), GAG => AAG (GAN), GGA => AAA (GGA), GGG => AAG (GGG)",185943,0.9999148029818956,0.9994084208601561,0.0004087274057103521,False,0.8537320165616793,0.00033295204953467266,0.11904761904761904,0.6521739130434783,0.31297709923664124,0.0004749691270067446,0.0004086674654258036,0.0003163055511624229,0.0,0.0,0.001303780964797914,CRF07_BC
PR,87,R,Q,"CGA => CAA (NGA), CGGA => CAAA (NGGA), CGGG => CAAG (NGGG), CGG => CAG (NGG)",185943,0.9999148029818956,0.9993223729852697,3.7645945262795585e-05,False,0.14538190137101062,2.685097173666715e-05,0.4,0.5,0.38461538461538464,0.0,0.0,0.0,0.00023435669088352472,0.00011849745230477545,0.00023435669088352472,CRF01_AE
PR,94,G,E,"GGA => GAA (NGA), GGGA => GAAA (NGGA), GGGG => GAAG (NGGG), GGG => GAG (NGG)",186081,0.00031533939070016036,0.9993873635674787,3.761802655832675e-05,False,0.18905424402540114,1.615848239533343e-05,0.0,0.375,0.25,0.0,9.414422895876483e-06,7.7000077000077e-05,0.0,0.0,7.7000077000077e-05,C
PR,94,EGR,K,"AGA => AAA (NGA), AGGA => AAAA (NGGA), AGGG => AAAG (NGGG), AGG => AAG (NGG), GAA => AAA (GAN), GAGA => AAAA (GAGA), GAGG => AAAG (GAGG), GAG => AAG (GAN), GGA => AAA (GGA), GGG => AAG (GGG)",186081,0.00031533939070016036,0.9994679736243894,0.0,False,0.18908117482939338,,,1.0,1.0,,,,,,,
PR,94,G,R,"GGA => AGA (GGN), GGGA => AGAA (GGGA), GGGG => AGAG (GGGG), GGG => AGG (GGN)",186081,0.00031533939070016036,0.9993873635674787,4.299203035237343e-05,False,0.18905424402540114,1.0772321596888954e-05,0.3076923076923077,0.725,0.6458333333333334,0.0,9.414422895876483e-06,3.85000385000385e-05,0.0,0.0,3.85000385000385e-05,C
PR,94,G,S,"GGC => AGC (GGN), GGT => AGT (GGN)",186081,0.00031533939070016036,0.9993873635674787,6.448804552856014e-05,False,0.8104179122163513,3.770312558911134e-05,0.20833333333333334,0.5,0.4032258064516129,0.0,4.7072114479382414e-05,3.85000385000385e-05,0.0,0.00011799410029498526,0.00011799410029498526,CRF02_AG
RT,15,EGR,K,"AGA => AAA (NGA), AGGA => AAAA (NGGA), AGGG => AAAG (NGGG), AGG => AAG (NGG), GAA => AAA (GAN), GAGA => AAAA (GAGA), GAGG => AAAG (GAGG), GAG => AAG (GAN), GGA => AAA (GGA), GGG => AAG (GGG)",149190,0.9994324557895958,0.9998525370333132,6.702862122126148e-06,False,0.9858743015663234,6.542704230512555e-06,0.8333333333333334,0.6666666666666666,0.7777777777777778,0.0,1.2335171273853137e-05,0.0,0.0,0.0,1.2335171273853137e-05,B
RT,15,G,R,"GGA => AGA (GGN), GGGA => AGAA (GGGA), GGGG => AGAG (GGGG), GGG => AGG (GGN)",149190,0.9994324557895958,0.9993699309605202,0.00028822307125142435,False,0.9854424830871096,0.00023553735229845199,0.07272727272727272,0.90625,0.38636363636363635,0.0007850063781768227,0.00012335171273853137,0.00016776412364215913,0.0002952029520295203,0.00044516990651431964,0.001763668430335097,F
RT,15,G,S,"GGC => AGC (GGN), GGT => AGT (GGN)",149190,0.9994324557895958,0.9993699309605202,0.0,False,0.01392941730676123,,,,,,,,,,,
RT,16,M,I,"ATGA => ATAA (NNGA), ATGG => ATAG (NNGG)",149363,0.9998641480139734,0.9970943272430254,0.00018076765999611684,False,0.997213873876198,9.674049040979272e-05,0.2222222222222222,0.9104477611940298,0.73224043715847,9.69743987587277e-05,9.743620973144145e-05,8.264804330757469e-05,7.177205196296562e-05,0.0,0.00425531914893617,CRF35_AD
RT,17,D,N,"GAC => AAC (GAN), GAT => AAT (GAN)",149896,0.9993833679915509,0.998545658323104,0.00024016651545071249,False,0.9985961961443913,0.00021995083451934274,0.0975609756097561,0.8,0.32786885245901637,0.00029211295034079843,0.0001345977363107984,0.00025025025025025025,0.0007055171440666008,0.00029244041526538966,0.0011534025374855825,CRF08_BC
RT,18,G,E,"GGA => GAA (NGA), GGGA => GAAA (NGGA), GGGG => GAAG (NGGG), GGG => GAG (NGG)",150343,0.00021902841571593302,0.9995343980098841,1.9954371004968638e-05,False,0.137417099074396,1.9679744950505443e-05,0.0,,0.0,0.0,0.0,4.188657116528441e-05,0.00014216661927779356,0.0,0.00014216661927779356,CRF01_AE
RT,18,EGR,K,"AGA => AAA (NGA), AGGA => AAAA (NGGA), AGGG => AAAG (NGGG), AGG => AAG (NGG), GAA => AAA (GAN), GAGA => AAAA (GAGA), GAGG => AAAG (GAGG), GAG => AAG (GAN), GGA => AAA (GGA), GGG => AAG (GGG)",150343,0.00021902841571593302,0.9996009125799007,0.0,False,0.1374498986493135,,,,,,,,,,,
RT,18,G,R,"GGA => AGA (GGN), GGGA => AGAA (GGGA), GGGG => AGAG (GGGG), GGG => AGG (GGN)",150343,0.00021902841571593302,0.9995343980098841,4.656019901159349e-05,False,0.137417099074396,1.3119829967003628e-05,0.18181818181818182,1.0,0.7096774193548387,0.0,1.2456092274731571e-05,0.0,7.108330963889678e-05,0.0,7.108330963889678e-05,CRF01_AE
RT,18,G,S,"GGC => AGC (GGN), GGT => AGT (GGN)",150343,0.00021902841571593302,0.9995343980098841,1.3302914003312425e-05,False,0.8617038723178148,6.559914983501814e-06,0.0,0.8857142857142857,0.8205128205128205,0.0,1.2456092274731571e-05,0.0,0.0,0.0,1.2456092274731571e-05,B
RT,24,W,*,"TGGA => TAAA (NGGA), TGGG => TAAG (NGGG), TGG => TAG (NGG), TGGA => TGAA (NNGA), TGGG => TGAG (NNGG)",154562,0.00024004598775765462,0.9995082879362327,0.0,False,0.9994910621720964,,1.0,1.0,1.0,,,,,,,
RT,41,M,I,"ATGA => ATAA (NNGA), ATGG => ATAG (NNGG)",186963,0.9999475332770192,0.904585399250119,0.00019255146740264117,False,0.9130650614245479,6.270477026539793e-05,0.24615384615384617,0.8617886178861789,0.6544502617801047,8.012820512820513e-05,5.738222298731853e-05,3.615982643283312e-05,0.00011116051578479324,0.0,0.00031446540880503143,G
RT,42,EGR,K,"AGA => AAA (NGA), AGGA => AAAA (NGGA), AGGG => AAAG (NGGG), AGG => AAG (NGG), GAA => AAA (GAN), GAGA => AAAA (GAGA), GAGG => AAAG (GAGG), GAG => AAG (GAN), GGA => AAA (GGA), GGG => AAG (GGG)",189334,0.9901073424796748,0.9992500026408357,0.0005070404681673656,False,0.9993126859289495,0.0004617071622323541,0.168141592920354,0.8181818181818182,0.3503184713375796,0.0008053475074494644,0.0003995015742264413,0.0005691735599908932,0.0002230275996654586,0.0004967709885742673,0.0019348597226701064,F
RT,45,EGR,K,"AGA => AAA (NGA), AGGA => AAAA (NGGA), AGGG => AAAG (NGGG), AGG => AAG (NGG), GAA => AAA (GAN), GAGA => AAAA (GAGA), GAGG => AAAG (GAGG), GAG => AAG (GAN), GGA => AAA (GGA), GGG => AAG (GGG)",189436,0.9978414310012119,0.9998046833759159,3.695179374564497e-05,False,0.9946359038986639,3.769947059172012e-05,0.1,1.0,0.6086956521739131,8.059966148142178e-05,1.0080340312288944e-05,0.00018051844898548633,0.0,0.0,0.00018051844898548633,C
RT,45,G,R,"GGA => AGA (GGN), GGGA => AGAA (GGGA), GGGG => AGAG (GGGG), GGG => AGG (GGN)",189436,0.9978414310012119,0.998337169281446,0.0006862475981334065,False,0.9933002655119858,0.000635505361403282,0.14619883040935672,0.8773584905660378,0.43010752688172044,0.0006447972918513742,0.0006552221202987814,0.000541555346956459,0.0005603810591202018,0.0008820564516129032,0.0016160310277957336,F
RT,51,G,E,"GGA => GAA (NGA), GGGA => GAAA (NGGA), GGGG => GAAG (NGGG), GGG => GAG (NGG)",189849,0.0001851156715842302,0.9996418206047964,5.7940784518222376e-05,False,0.9953076120959333,5.1621429087642864e-05,0.0,1.0,0.08333333333333333,7.950389569088885e-05,3.7621918529735424e-05,7.174373139146967e-05,0.00016729868391701986,0.0,0.00016729868391701986,CRF01_AE
RT,51,EGR,K,"AGA => AAA (NGA), AGGA => AAAA (NGGA), AGGG => AAAG (NGGG), AGG => AAG (NGG), GAA => AAA (GAN), GAGA => AAAA (GAGA), GAGG => AAAG (GAGG), GAG => AAG (GAN), GGA => AAA (GGA), GGG => AAG (GGG)",189849,0.0001851156715842302,0.9998209103023983,0.0,False,0.9954263413828349,,0.5,0.9166666666666666,0.8125,,,,,,,
RT,51,G,R,"GGA => AGA (GGN), GGGA => AGAA (GGGA), GGGG => AGAG (GGGG), GGG => AGG (GGN)",189849,0.0001851156715842302,0.9996418206047964,0.00012114891308355588,False,0.9953076120959333,6.710785781393572e-05,0.48333333333333334,0.8820224719101124,0.7851239669421488,7.950389569088885e-05,6.583835742703699e-05,0.00014348746278293933,0.0,0.0,0.00014348746278293933,C
RT,53,EGR,K,"AGA => AAA (NGA), AGGA => AAAA (NGGA), AGGG => AAAG (NGGG), AGG => AAG (NGG), GAA => AAA (GAN), GAGA => AAAA (GAGA), GAGG => AAAG (GAGG), GAG => AAG (GAN), GGA => AAA (GGA), GGG => AAG (GGG)",189168,0.9999113313339419,0.9827719275987482,0.0002907468493614142,False,0.9831848882372209,0.00024437546470334375,0.2236842105263158,0.675,0.38461538461538464,0.00032064128256513024,0.00022750540325332727,0.00018114629374682995,0.0005031024652020795,0.00012414649286157667,0.00411522633744856,CRF55_01B
RT,71,W,*,"TGGA => TAAA (NGGA), TGGG => TAAG (NGGG), TGG => TAG (NGG), TGGA => TGAA (NNGA), TGGG => TGAG (NNGG)",189853,0.9992564432854734,0.999768241744929,0.0,False,0.9997647070858973,,1.0,1.0,1.0,,,,,,,
RT,72,EGR,K,"AGA => AAA (NGA), AGGA => AAAA (NGGA), AGGG => AAAG (NGGG), AGG => AAG (NGG), GAA => AAA (GAN), GAGA => AAAA (GAGA), GAGG => AAAG (GAGG), GAG => AAG (GAN), GGA => AAA (GGA), GGG => AAG (GGG)",189794,0.9998499873265154,0.9995468771404785,0.0003477454503303582,False,0.9989475007069025,0.0002303978552054206,0.23943661971830985,0.5952380952380952,0.3684210526315789,0.0004278990158322636,0.00016070939015513182,0.0003238575026988125,0.00011772323267996939,0.0002458210422812193,0.0013850415512465374,B + C
RT,78,EGR,K,"AGA => AAA (NGA), AGGA => AAAA (NGGA), AGGG => AAAG (NGGG), AGG => AAG (NGG), GAA => AAA (GAN), GAGA => AAAA (GAGA), GAGG => AAAG (GAGG), GAG => AAG (GAN), GGA => AAA (GGA), GGG => AAG (GGG)",189739,0.9999164373044764,0.9993939042579544,0.0004901469913934404,False,0.9982309659239158,0.0003026665970881386,0.13636363636363635,0.6403508771929824,0.4236453201970443,0.00032344141667340503,0.00028516568126081256,0.0,0.0008390669575432119,0.0003755633450175263,0.0032679738562091504,CRF35_AD
RT,79,EGR,K,"AGA => AAA (NGA), AGGA => AAAA (NGGA), AGGG => AAAG (NGGG), AGG => AAG (NGG), GAA => AAA (GAN), GAGA => AAAA (GAGA), GAGG => AAAG (GAGG), GAG => AAG (GAN), GGA => AAA (GGA), GGG => AAG (GGG)",189687,4.178985969054609e-05,0.9976382145323612,0.00016342711941250588,False,0.9977908112370935,0.00012012137481524809,0.12121212121212122,0.5769230769230769,0.31666666666666665,8.254911672445105e-05,0.000104479313096007,0.00010849909584086799,0.00034054146092286734,0.0001243781094527363,0.00034054146092286734,CRF01_AE
RT,88,W,*,"TGGA => TAAA (NGGA), TGGG => TAAG (NGGG), TGG => TAG (NGG), TGGA => TGAA (NNGA), TGGG => TGAG (NNGG)",189449,0.999973921796684,0.9899181310009554,0.0,False,0.9900398814833041,,1.0,1.0,1.0,,,,,,,
RT,89,EGR,K,"AGA => AAA (NGA), AGGA => AAAA (NGGA), AGGG => AAAG (NGGG), AGG => AAG (NGG), GAA => AAA (GAN), GAGA => AAAA (GAGA), GAGG => AAAG (GAGG), GAG => AAG (GAN), GGA => AAA (GGA), GGG => AAG (GGG)",189865,0.9998356056869826,0.9998367260948569,0.00011587180364996182,False,0.9998643933427562,8.866589127475473e-05,0.1875,0.7647058823529411,0.38,0.0,7.599217280620096e-05,0.0001456186974407514,0.0001115822361080116,0.00012536041118214867,0.0003270111183780249,F
RT,93,G,E,"GGA => GAA (NGA), GGGA => GAAA (NGGA), GGGG => GAAG (NGGG), GGG => GAG (NGG)",189941,0.9982861599720859,0.999768349118937,5.2647927514333396e-05,False,0.987495513677432,5.201533412049872e-05,0.29411764705882354,0.9230769230769231,0.5666666666666667,0.00016099170892699025,4.746535029428517e-05,7.226738934056007e-05,0.0,0.0,0.00016099170892699025,A
RT,93,EGR,K,"AGA => AAA (NGA), AGGA => AAAA (NGGA), AGGG => AAAG (NGGG), AGG => AAG (NGG), GAA => AAA (GAN), GAGA => AAAA (GAGA), GAGG => AAAG (GAGG), GAG => AAG (GAN), GGA => AAA (GGA), GGG => AAG (GGG)",189941,0.9982861599720859,0.99996314645074,0.0,False,0.9876359550795574,,0.75,0.8,0.8,,,,,,,
RT,93,G,R,"GGA => AGA (GGN), GGGA => AGAA (GGGA), GGGG => AGAG (GGGG), GGG => AGG (GGN)",189941,0.9982861599720859,0.999768349118937,0.00014214940428870017,False,0.987495513677432,8.842606800484783e-05,0.42592592592592593,0.8442622950819673,0.7159090909090909,8.049585446349512e-05,6.645149041199924e-05,0.00010840108401084011,5.6066382596994845e-05,0.0002467003823855927,0.0006289308176100629,CRF06_cpx
RT,93,G,S,"GGC => AGC (GGN), GGT => AGT (GGN)",189941,0.9982861599720859,0.999768349118937,0.0,False,0.012306828052909998,,0.5,,0.5,,,,,,,
RT,99,G,E,"GGA => GAA (NGA), GGGA => GAAA (NGGA), GGGG => GAAG (NGGG), GGG => GAG (NGG)",189952,0.011822394312555542,0.9996999241913747,4.211590296495957e-05,False,0.8571563335254966,4.1926523767098166e-05,0.375,0.9047619047619048,0.6756756756756757,0.0,4.7731785550633874e-05,3.613630614678568e-05,5.6763353578929446e-05,0.0,5.6763353578929446e-05,CRF01_AE
RT,99,EGR,K,"AGA => AAA (NGA), AGGA => AAAA (NGGA), AGGG => AAAG (NGGG), AGG => AAG (NGG), GAA => AAA (GAN), GAGA => AAAA (GAGA), GAGG => AAAG (GAGG), GAG => AAG (GAN), GGA => AAA (GGA), GGG => AAG (GGG)",189952,0.011822394312555542,0.9999052392183289,0.0,False,0.857329280436036,,1.0,0.8235294117647058,0.85,,,,,,,
RT,99,G,R,"GGA => AGA (GGN), GGGA => AGAA (GGGA), GGGG => AGAG (GGGG), GGG => AGG (GGN)",189952,0.011822394312555542,0.9996999241913747,0.00016319912398921833,False,0.8571563335254966,0.00013102038677218175,0.2777777777777778,0.9152542372881356,0.6140350877192983,8.245382585751979e-05,0.0002004734993126623,3.613630614678568e-05,0.0,0.0,0.0003246753246753247,F
RT,99,G,S,"GGC => AGC (GGN), GGT => AGT (GGN)",189952,0.011822394312555542,0.9996999241913747,0.0,False,0.14257638488548818,,0.5,1.0,0.8,,,,,,,
RT,110,D,N,"GAC => AAC (GAN), GAT => AAT (GAN)",189885,0.9998597132955426,0.9997156173473418,0.00010532690839192143,False,0.9997583870536587,8.739191676176964e-05,1.0,1.0,1.0,0.0003164807342353034,8.433204336541074e-05,3.5773055734420833e-05,0.0,0.0,0.003278688524590164,CRF35_AD
RT,112,G,E,"GGA => GAA (NGA), GGGA => GAAA (NGGA), GGGG => GAAG (NGGG), GGG => GAG (NGG)",189912,0.9998402415959351,0.9993312692194279,0.00010004633725093727,False,0.45806979337077597,9.899029895070284e-05,0.21875,0.8888888888888888,0.7017543859649122,0.00024102193299590266,0.0,0.00021739130434782607,0.0003394241104259773,0.00024770869457517957,0.0003394241104259773,CRF01_AE
RT,112,EGR,K,"AGA => AAA (NGA), AGGA => AAAA (NGGA), AGGG => AAAG (NGGG), AGG => AAG (NGG), GAA => AAA (GAN), GAGA => AAAA (GAGA), GAGG => AAAG (GAGG), GAG => AAG (GAN), GGA => AAA (GGA), GGG => AAG (GGG)",189912,0.9998402415959351,0.9994365811533763,0.0,False,0.4581739936854609,,0.5,1.0,0.9285714285714286,,,,,,,
RT,112,G,R,"GGA => AGA (GGN), GGGA => AGAA (GGGA), GGGG => AGAG (GGGG), GGG => AGG (GGN)",189912,0.9998402415959351,0.9993312692194279,5.265596697417752e-06,False,0.45806979337077597,5.210015734247517e-06,0.0,0.9047619047619048,0.7692307692307693,0.0,0.0,0.0,0.0,0.0,0.0013908205841446453,B + C
RT,112,G,S,"GGC => AGC (GGN), GGT => AGT (GGN)",189912,0.9998402415959351,0.9993312692194279,4.739037027675976e-05,False,0.5412945847096458,4.689014160822766e-05,0.3125,0.7647058823529411,0.5454545454545454,0.0,7.590997077466125e-05,0.0,0.0,0.0,0.0002959455460195324,D
RT,141,G,E,"GGA => GAA (NGA), GGGA => GAAA (NGGA), GGGG => GAAG (NGGG), GGG => GAG (NGG)",189883,0.9972249636539217,0.9995470895235488,0.00014219282400214868,False,0.9957437640889291,0.00012611069366136126,0.35,0.8703703703703703,0.6458333333333334,0.0003193357815743254,0.00010595465140919686,7.319840427478681e-05,0.0001668613382279326,0.00025262094227611467,0.0013869625520110957,B + C
RT,141,EGR,K,"AGA => AAA (NGA), AGGA => AAAA (NGGA), AGGG => AAAG (NGGG), AGG => AAG (NGG), GAA => AAA (GAN), GAGA => AAAA (GAGA), GAGG => AAAG (GAGG), GAG => AAG (GAN), GGA => AAA (GGA), GGG => AAG (GGG)",189883,0.9972249636539217,0.9998578071759979,0.0,False,0.99598547625178,,0.42857142857142855,0.9090909090909091,0.8,,,,,,,
RT,141,G,R,"GGA => AGA (GGN), GGGA => AGAA (GGGA), GGGG => AGAG (GGGG), GGG => AGG (GGN)",189883,0.9972249636539217,0.9995470895235488,0.00016852482844699105,False,0.9957437640889291,0.00011560146918958116,0.14285714285714285,0.868421052631579,0.45454545454545453,0.0003193357815743254,7.705792829759772e-05,0.00010979760641218022,0.0,0.00037893141341417203,0.003367003367003367,CRF35_AD
RT,152,G,E,"GGA => GAA (NGA), GGGA => GAAA (NGGA), GGGG => GAAG (NGGG), GGG => GAG (NGG)",189909,0.00011253312054343267,0.9997630444054784,8.42508780521197e-05,False,0.9948306935959471,7.746213392686542e-05,0.21739130434782608,0.8181818181818182,0.4117647058823529,7.941550190597205e-05,7.539203860072376e-05,3.588345055260514e-05,0.00011122233344455567,0.0,0.0009630818619582664,F
RT,152,EGR,K,"AGA => AAA (NGA), AGGA => AAAA (NGGA), AGGG => AAAG (NGGG), AGG => AAG (NGG), GAA => AAA (GAN), GAGA => AAAA (GAGA), GAGG => AAAG (GAGG), GAG => AAG (GAN), GGA => AAA (GGA), GGG => AAG (GGG)",189909,0.00011253312054343267,0.9999104834420696,0.0,False,0.9949649612947538,,,1.0,1.0,,,,,,,
RT,152,G,R,"GGA => AGA (GGN), GGGA => AGAA (GGGA), GGGG => AGAG (GGGG), GGG => AGG (GGN)",189909,0.00011253312054343267,0.9997630444054784,6.318815853908978e-05,False,0.9948306935959471,5.6805564879701306e-05,0.19230769230769232,0.9014084507042254,0.7142857142857143,0.0,2.827201447527141e-05,0.00014353380221042057,5.5611166722277836e-05,0.0,0.00032102728731942215,F
RT,153,W,*,"TGGA => TAAA (NGGA), TGGG => TAAG (NGGG), TGG => TAG (NGG), TGGA => TGAA (NNGA), TGGG => TGAG (NNGG)",189853,0.9999792158126098,0.9997893106772081,0.0,False,0.9997237823404843,,1.0,1.0,1.0,,,,,,,
RT,155,G,E,"GGA => GAA (NGA), GGGA => GAAA (NGGA), GGGG => GAAG (NGGG), GGG => GAG (NGG)",189968,8.2498466044147e-05,0.9997999663101154,5.790448917712457e-05,False,0.9912499158645757,3.106538746304513e-05,0.46153846153846156,0.6153846153846154,0.5384615384615384,0.0,1.8889308651303363e-05,7.178750897343863e-05,5.577867023650156e-05,0.00012310722639418935,0.00012310722639418935,CRF02_AG
RT,155,EGR,K,"AGA => AAA (NGA), AGGA => AAAA (NGGA), AGGG => AAAG (NGGG), AGG => AAG (NGG), GAA => AAA (GAN), GAGA => AAAA (GAGA), GAGG => AAAG (GAGG), GAG => AAG (GAN), GGA => AAA (GGA), GGG => AAG (GGG)",189968,8.2498466044147e-05,0.9999736797776467,0.0,False,0.9913534671561192,,1.0,1.0,1.0,,,,,,,
RT,155,G,R,"GGA => AGA (GGN), GGGA => AGAA (GGGA), GGGG => AGAG (GGGG), GGG => AGG (GGN)",189968,8.2498466044147e-05,0.9997999663101154,0.00011580897835424914,False,0.9912499158645757,7.248590408043864e-05,0.34146341463414637,0.8673469387755102,0.7152777777777778,0.0,2.8333962976955045e-05,0.00014357501794687725,0.00011155734047300312,0.0002462144527883787,0.00032216494845360824,F
RT,155,G,S,"GGC => AGC (GGN), GGT => AGT (GGN)",189968,8.2498466044147e-05,0.9997999663101154,0.0,False,0.008594757198109154,,0.0,,0.0,,,,,,,
RT,185,D,N,"GAC => AAC (GAN), GAT => AAT (GAN)",189947,0.9999061644728267,0.9997630918098206,8.423402317488563e-05,False,0.9998104877124331,6.658539833434065e-05,1.0,1.0,1.0,0.00015750511891636477,6.537290573226993e-05,0.00010667045939411179,0.0,0.0,0.00015750511891636477,A
RT,186,D,N,"GAC => AAC (GAN), GAT => AAT (GAN)",189881,0.00025818553528711283,0.9995470847530822,0.0001632601471447907,False,0.9995933793822493,0.00015639254528867455,1.0,1.0,1.0,0.00016178611875101117,0.00019063596156779016,0.00010819388343912291,0.0001121201928467317,0.00012324377618930243,0.004081632653061225,CRF55_01B
RT,190,EGR,K,"AGA => AAA (NGA), AGGA => AAAA (NGGA), AGGG => AAAG (NGGG), AGG => AAG (NGG), GAA => AAA (GAN), GAGA => AAAA (GAGA), GAGG => AAAG (GAGG), GAG => AAG (GAN), GGA => AAA (GGA), GGG => AAG (GGG)",188040,0.000427740243141984,0.948962986598596,5.3180174430972136e-06,False,0.9011524077653584,,1.0,1.0,1.0,,,,,,,
RT,190,G,R,"GGA => AGA (GGN), GGGA => AGAA (GGGA), GGGG => AGAG (GGGG), GGG => AGG (GGN)",188040,0.000427740243141984,0.9474792597319719,0.00014890448840672196,False,0.8997342213631399,6.30305067652744e-05,0.43636363636363634,0.8604651162790697,0.7340425531914894,8.09323405632891e-05,3.8443425693663565e-05,0.00014545983490308738,5.600044800358403e-05,0.0,0.0003312355084465055,F
RT,212,W,*,"TGGA => TAAA (NGGA), TGGG => TAAG (NGGG), TGG => TAG (NGG), TGGA => TGAA (NNGA), TGGG => TGAG (NNGG)",189776,0.9999787971630603,0.998877624146362,0.0,False,0.9988332224553503,,1.0,1.0,1.0,,,,,,,
RT,213,G,E,"GGA => GAA (NGA), GGGA => GAAA (NGGA), GGGG => GAAG (NGGG), GGG => GAG (NGG)",189968,0.00037214049898724624,0.9997578539543502,7.369662258906763e-05,False,0.9866475134372978,6.890922005364318e-05,0.09523809523809523,0.7777777777777778,0.3,0.00016272068993572532,8.764156547311839e-05,0.0,5.761032377001959e-05,0.0,0.0003214400514304082,F
RT,213,EGR,K,"AGA => AAA (NGA), AGGA => AAAA (NGGA), AGGG => AAAG (NGGG), AGG => AAG (NGG), GAA => AAA (GAN), GAGA => AAAA (GAGA), GAGG => AAAG (GAGG), GAG => AAG (GAN), GGA => AAA (GGA), GGG => AAG (GGG)",189968,0.00037214049898724624,0.9998999831550577,5.264044470647688e-06,False,0.9867535276219958,5.300709234895629e-06,0.0,0.8,0.5,0.0,0.0,0.0,5.761032377001959e-05,0.0,5.761032377001959e-05,CRF01_AE
RT,213,G,R,"GGA => AGA (GGN), GGGA => AGAA (GGGA), GGGG => AGAG (GGGG), GGG => AGG (GGN)",189968,0.00037214049898724624,0.9997578539543502,6.843257811841994e-05,False,0.9866475134372978,3.71049646442694e-05,0.4482758620689655,0.8607594936708861,0.7545454545454545,8.136034496786266e-05,3.89518068769415e-05,3.626867836936022e-05,0.0,0.0,0.0006277463904582549,CRF06_cpx
RT,213,G,S,"GGC => AGC (GGN), GGT => AGT (GGN)",189968,0.00037214049898724624,0.9997578539543502,1.0528088941295375e-05,False,0.01314575890254116,5.300709234895629e-06,0.0,0.0,0.0,0.0,9.737951719235376e-06,0.0,0.0,0.0,9.737951719235376e-06,B
RT,229,W,*,"TGGA => TAAA (NGGA), TGGG => TAAG (NGGG), TGG => TAG (NGG), TGGA => TGAA (NNGA), TGGG => TGAG (NNGG)",183742,0.9948730609822081,0.9989278444775826,0.0,False,0.9993352595104997,,1.0,1.0,1.0,,,,,,,
RT,231,G,E,"GGA => GAA (NGA), GGGA => GAAA (NGGA), GGGG => GAAG (NGGG), GGG => GAG (NGG)",181652,0.0002819193923307287,0.9995540924404906,8.808050558210205e-05,False,0.48841173203219446,7.623860505135216e-05,0.11764705882352941,0.6666666666666666,0.3448275862068966,0.00017054660185895795,0.0,3.697951334960432e-05,0.00046197378298781544,0.0,0.001483679525222552,B + C
RT,231,EGR,K,"AGA => AAA (NGA), AGGA => AAAA (NGGA), AGGG => AAAG (NGGG), AGG => AAG (NGG), GAA => AAA (GAN), GAGA => AAAA (GAGA), GAGG => AAAG (GAGG), GAG => AAG (GAN), GGA => AAA (GGA), GGG => AAG (GGG)",181652,0.0002819193923307287,0.9997137383568582,0.0,False,0.48851519871047844,,0.25,0.9629629629629629,0.8709677419354839,,,,,,,
RT,231,G,R,"GGA => AGA (GGN), GGGA => AGAA (GGGA), GGGG => AGAG (GGGG), GGG => AGG (GGN)",181652,0.0002819193923307287,0.9995540924404906,7.15654107854579e-05,False,0.48841173203219446,2.7228073232625768e-05,0.2727272727272727,0.8791208791208791,0.7652173913043478,0.0,0.0,0.00011093854004881296,0.0,0.0,0.0003183699458771092,G
RT,231,G,S,"GGC => AGC (GGN), GGT => AGT (GGN)",181652,0.0002819193923307287,0.9995540924404906,2.752515799440689e-05,False,0.5111852924839626,2.1782458586100615e-05,0.3333333333333333,0.8823529411764706,0.6923076923076923,0.0,4.008578357685447e-05,0.0,0.0,0.0,4.008578357685447e-05,B
RT,233,EGR,K,"AGA => AAA (NGA), AGGA => AAAA (NGGA), AGGG => AAAG (NGGG), AGG => AAG (NGG), GAA => AAA (GAN), GAGA => AAAA (GAGA), GAGG => AAAG (GAGG), GAG => AAG (GAN), GGA => AAA (GGA), GGG => AAG (GGG)",180229,0.0008687628493263041,0.9994673443230557,0.00011096993269673582,False,0.9995092223061158,9.168374501132564e-05,0.3103448275862069,0.7391304347826086,0.5094339622641509,0.00017350568231109568,6.872244966080563e-05,0.00011109053878911313,0.00022927891780350797,0.00013078733978550875,0.00022927891780350797,CRF01_AE
RT,239,W,*,"TGGA => TAAA (NGGA), TGGG => TAAG (NGGG), TGG => TAG (NGG), TGGA => TGAA (NNGA), TGGG => TGAG (NNGG)",166431,0.9991966929549387,0.9992789804783965,0.0,False,0.9994210707325462,,1.0,1.0,1.0,,,,,,,
RT,252,W,*,"TGGA => TAAA (NGGA), TGGG => TAAG (NGGG), TGG => TAG (NGG), TGGA => TGAA (NNGA), TGGG => TGAG (NNGG)",114107,0.9994777144108703,0.9994215955199944,0.0,False,0.9995307058348908,,1.0,1.0,1.0,,,,,,,
RT,256,D,N,"GAC => AAC (GAN), GAT => AAT (GAN)",105638,0.9926720589814251,0.9991101686892974,3.786516215755694e-05,False,0.9991804386004413,3.602467690367902e-05,0.4,0.8333333333333334,0.6785714285714286,0.0001380452788514633,0.0,0.0,0.0001187789523696401,0.0,0.0005017561465127947,G
RT,262,EGR,K,"AGA => AAA (NGA), AGGA => AAAA (NGGA), AGGG => AAAG (NGGG), AGG => AAG (NGG), GAA => AAA (GAN), GAGA => AAAA (GAGA), GAGG => AAAG (GAGG), GAG => AAG (GAN), GGA => AAA (GGA), GGG => AAG (GGG)",98643,0.9999419313628708,0.999908761898969,1.0137566781221172e-05,False,0.9945711183496199,9.60864008916818e-06,0.4,0.8,0.6,0.0,1.702736297229648e-05,0.0,0.0,0.0,1.702736297229648e-05,B
RT,262,G,R,"GGA => AGA (GGN), GGGA => AGAA (GGGA), GGGG => AGAG (GGGG), GGG => AGG (GGN)",98643,0.9999419313628708,0.9993917459931267,0.00016220106849953875,False,0.9941579468257857,9.60864008916818e-05,0.36363636363636365,0.8421052631578947,0.72,0.00014708045300779526,5.108208891688944e-05,0.00026407869545124445,0.0,0.0002666666666666667,0.001272264631043257,CRF12_BF
RT,266,W,*,"TGGA => TAAA (NGGA), TGGG => TAAG (NGGG), TGG => TAG (NGG), TGGA => TGAA (NNGA), TGGG => TGAG (NNGG)",95650,0.9998819838514571,0.999707266074229,0.0,False,0.999748013180849,,1.0,1.0,1.0,,,,,,,
RT,273,G,E,"GGA => GAA (NGA), GGGA => GAAA (NGGA), GGGG => GAAG (NGGG), GGG => GAG (NGG)",93892,0.999736096872748,0.998668683167895,8.520427725471819e-05,False,0.9958912736019491,7.2264032126524e-05,0.25,0.9444444444444444,0.7708333333333334,0.0001577784790154623,1.7980760586172796e-05,0.00014624159110851126,0.00016398819285011479,0.0,0.0034602076124567475,B + C
RT,273,EGR,K,"AGA => AAA (NGA), AGGA => AAAA (NGGA), AGGG => AAAG (NGGG), AGG => AAG (NGG), GAA => AAA (GAN), GAGA => AAAA (GAGA), GAGG => AAAG (GAGG), GAG => AAG (GAN), GGA => AAA (GGA), GGG => AAG (GGG)",93892,0.999736096872748,0.99979763984152,9.585481191155796e-05,False,0.9968719997522377,0.00011355776477025199,0.08333333333333333,1.0,0.7,0.0,1.7980760586172796e-05,0.000584966364434045,0.0,0.0,0.0021645021645021645,CRF06_cpx
RT,285,G,E,"GGA => GAA (NGA), GGGA => GAAA (NGGA), GGGG => GAAG (NGGG), GGG => GAG (NGG)",89489,0.9890336302007179,0.9993965738805887,0.00021231659757065113,False,0.9953176624087207,0.0001893979250405101,0.22727272727272727,0.8947368421052632,0.5365853658536586,0.000312256049960968,0.00017742450587275113,7.556865412227008e-05,0.0005905511811023622,0.0,0.004807692307692308,B + C
RT,285,EGR,K,"AGA => AAA (NGA), AGGA => AAAA (NGGA), AGGG => AAAG (NGGG), AGG => AAG (NGG), GAA => AAA (GAN), GAGA => AAAA (GAGA), GAGG => AAAG (GAGG), GAG => AAG (GAN), GGA => AAA (GGA), GGG => AAG (GGG)",89489,0.9890336302007179,0.9997318106135951,2.234911553375275e-05,False,0.9956017592962815,3.156632084008502e-05,0.0,1.0,0.7692307692307693,0.0,3.5484901174550227e-05,7.556865412227008e-05,0.0,0.0,7.556865412227008e-05,C
RT,285,G,R,"GGA => AGA (GGN), GGGA => AGAA (GGGA), GGGG => AGAG (GGGG), GGG => AGG (GGN)",89489,0.9890336302007179,0.9993965738805887,0.00012292013543564013,False,0.9953176624087207,9.469896252025506e-05,0.2,0.8947368421052632,0.6981132075471698,0.0,5.322735176182534e-05,0.00015113730824454016,0.0001968503937007874,0.0002891008962127783,0.0007757951900698216,F
RT,302,EGR,K,"AGA => AAA (NGA), AGGA => AAAA (NGGA), AGGG => AAAG (NGGG), AGG => AAG (NGG), GAA => AAA (GAN), GAGA => AAAA (GAGA), GAGG => AAAG (GAGG), GAG => AAG (GAN), GGA => AAA (GGA), GGG => AAG (GGG)",74635,0.0022777401357994436,0.9989415153748241,0.00012058685603269243,False,0.998734449889601,0.00010770639237438742,0.2777777777777778,0.7391304347826086,0.5365853658536586,0.00017265193370165745,6.894808209418309e-05,0.00029036004645760743,0.0,0.0,0.00029036004645760743,C
RT,305,EGR,K,"AGA => AAA (NGA), AGGA => AAAA (NGGA), AGGG => AAAG (NGGG), AGG => AAG (NGG), GAA => AAA (GAN), GAGA => AAAA (GAGA), GAGG => AAAG (GAGG), GAG => AAG (GAN), GGA => AAA (GGA), GGG => AAG (GGG)",71905,0.9997065727699531,0.9992072873930881,0.00031986649050830956,False,0.999234988452656,0.00025981524249422635,0.13043478260869565,0.7647058823529411,0.4,0.0003913894324853229,0.00027341419765360906,0.0,0.00036483035388544326,0.0,0.005,CRF08_BC
RT,316,G,E,"GGA => GAA (NGA), GGGA => GAAA (NGGA), GGGG => GAAG (NGGG), GGG => GAG (NGG)",56235,0.9993930542647422,0.9990930914910643,0.00016004267804747933,False,0.9959567976339778,0.00016846676525092188,0.2857142857142857,0.9473684210526315,0.6666666666666666,0.00021862702229995628,7.568876778686043e-05,0.00011128421989761852,0.0,0.00032776138970829236,0.001257071024512885,D
RT,316,EGR,K,"AGA => AAA (NGA), AGGA => AAAA (NGGA), AGGG => AAAG (NGGG), AGG => AAG (NGG), GAA => AAA (GAN), GAGA => AAAA (GAGA), GAGG => AAAG (GAGG), GAG => AAG (GAN), GGA => AAA (GGA), GGG => AAG (GGG)",56235,0.9993930542647422,0.9996087845647729,3.556503956610652e-05,False,0.9964434794002583,3.7437058944649306e-05,0.25,0.875,0.7857142857142857,0.00021862702229995628,0.0,0.00011128421989761852,0.0,0.0,0.00021862702229995628,A
RT,316,G,R,"GGA => AGA (GGN), GGGA => AGAA (GGGA), GGGG => AGAG (GGGG), GGG => AGG (GGN)",56235,0.9993930542647422,0.9990930914910643,0.00035565039566106516,False,0.9959567976339778,0.0003182150010295191,0.18518518518518517,0.9375,0.7065217391304348,0.00043725404459991256,0.00018922191946715107,0.0008902737591809482,0.0003729951510630362,0.00032776138970829236,0.0008902737591809482,C
RT,333,EGR,K,"AGA => AAA (NGA), AGGA => AAAA (NGGA), AGGG => AAAG (NGGG), AGG => AAG (NGG), GAA => AAA (GAN), GAGA => AAAA (GAGA), GAGG => AAAG (GAGG), GAG => AAG (GAN), GGA => AAA (GGA), GGG => AAG (GGG)",48671,0.13082580086974344,0.9942470875880914,0.0,False,0.9785683760683759,2.1367521367521368e-05,0.5,1.0,0.8571428571428571,0.0,4.0824658093488464e-05,0.0,0.0,0.0,4.0824658093488464e-05,B
RT,333,G,R,"GGA => AGA (GGN), GGGA => AGAA (GGGA), GGGG => AGAG (GGGG), GGG => AGG (GGN)",48671,0.13082580086974344,0.9421421380288056,0.0002670995048386103,False,0.9253418803418803,0.00029914529914529915,0.10526315789473684,0.9516129032258065,0.7530864197530864,0.0008698173383589446,0.0002449479485609308,0.0002810172825628776,0.0003924646781789639,0.0,0.0009478672985781991,F
RT,335,EGR,K,"AGA => AAA (NGA), AGGA => AAAA (NGGA), AGGG => AAAG (NGGG), AGG => AAG (NGG), GAA => AAA (GAN), GAGA => AAAA (GAGA), GAGG => AAAG (GAGG), GAG => AAG (GAN), GGA => AAA (GGA), GGG => AAG (GGG)",42751,0.00027522214358732404,0.6401721597155622,2.33912657013871e-05,False,0.05548594055435818,2.5061400431056087e-05,0.0,,0.0,0.0,4.226364059000042e-05,0.0,0.0,0.0,4.226364059000042e-05,B
RT,335,G,R,"GGA => AGA (GGN), GGGA => AGAA (GGGA), GGGG => AGAG (GGGG), GGG => AGG (GGN)",42751,0.00027522214358732404,0.6333653013964585,7.01737971041613e-05,False,0.04954638865219789,7.518420129316825e-05,0.0,0.0,0.0,0.0006119951040391676,4.226364059000042e-05,0.0,0.0,0.0,0.0010604453870625664,F
RT,337,W,*,"TGGA => TAAA (NGGA), TGGG => TAAG (NGGG), TGG => TAG (NGG), TGGA => TGAA (NNGA), TGGG => TGAG (NNGG)",28618,0.9784745696856667,0.9994758543573975,0.0,False,0.9994617247875736,,1.0,1.0,1.0,,,,,,,
RT,344,EGR,K,"AGA => AAA (NGA), AGGA => AAAA (NGGA), AGGG => AAAG (NGGG), AGG => AAG (NGG), GAA => AAA (GAN), GAGA => AAAA (GAGA), GAGG => AAAG (GAGG), GAG => AAG (GAN), GGA => AAA (GGA), GGG => AAG (GGG)",26639,0.0052087708980929175,0.9873493749765382,0.0003378505199144112,False,0.9871914102130537,0.0003804531619885019,0.4444444444444444,1.0,0.6428571428571429,0.0008438818565400844,8.054123711340206e-05,0.0005390835579514825,0.0019821605550049554,0.0008424599831508003,0.0019821605550049554,CRF01_AE
RT,352,G,E,"GGA => GAA (NGA), GGGA => GAAA (NGGA), GGGG => GAAG (NGGG), GGG => GAG (NGG)",26397,0.9999999999999999,0.9997727014433458,7.576618555138841e-05,False,0.9964937785949459,8.55175952452217e-05,0.5,0.8125,0.75,0.0,8.000640051204096e-05,0.0,0.0004948045522018803,0.0,0.0004948045522018803,CRF01_AE
RT,352,EGR,K,"AGA => AAA (NGA), AGGA => AAAA (NGGA), AGGG => AAAG (NGGG), AGG => AAG (NGG), GAA => AAA (GAN), GAGA => AAAA (GAGA), GAGG => AAAG (GAGG), GAG => AAG (GAN), GGA => AAA (GGA), GGG => AAG (GGG)",26397,0.9999999999999999,1.0,0.0,False,0.9967503313806816,,,1.0,1.0,,,,,,,
RT,352,G,R,"GGA => AGA (GGN), GGGA => AGAA (GGGA), GGGG => AGAG (GGGG), GGG => AGG (GGN)",26397,0.9999999999999999,0.9997727014433458,0.00015153237110277683,False,0.9964937785949459,0.0001710351904904434,0.5882352941176471,1.0,0.8205128205128205,0.0,8.000640051204096e-05,0.0,0.0009896091044037606,0.0008460236886632825,0.0009896091044037606,CRF01_AE
RT,364,D,N,"GAC => AAC (GAN), GAT => AAT (GAN)",26173,0.9999568872601853,0.996599549153708,0.0001528292515187407,False,0.9964740866610026,0.00021240441801189465,0.0,1.0,0.7058823529411765,0.0,0.0,0.0,0.0014698677119059284,0.0008488964346349745,0.0019230769230769232,D
RT,370,EGR,K,"AGA => AAA (NGA), AGGA => AAAA (NGGA), AGGG => AAAG (NGGG), AGG => AAG (NGG), GAA => AAA (GAN), GAGA => AAAA (GAGA), GAGG => AAAG (GAGG), GAG => AAG (GAN), GGA => AAA (GGA), GGG => AAG (GGG)",25616,0.9977236207820033,0.9718925671455341,0.00035134291068082446,False,0.9718509338762504,0.0003983358413738161,0.23076923076923078,1.0,0.3333333333333333,0.0009099181073703367,8.396305625524769e-05,0.0,0.0,0.004340277777777778,0.004340277777777778,CRF02_AG
RT,378,EGR,K,"AGA => AAA (NGA), AGGA => AAAA (NGGA), AGGG => AAAG (NGGG), AGG => AAG (NGG), GAA => AAA (GAN), GAGA => AAAA (GAGA), GAGG => AAAG (GAGG), GAG => AAG (GAN), GGA => AAA (GGA), GGG => AAG (GGG)",25562,0.9472758434060977,0.9996479148736406,0.00019560284797746655,False,0.9996898125581603,0.00017724996676563124,0.3333333333333333,0.8181818181818182,0.6,0.0,8.33402783565297e-05,0.0,0.0,0.0008628127696289905,0.00199203187250996,D
RT,383,W,*,"TGGA => TAAA (NGGA), TGGG => TAAG (NGGG), TGG => TAG (NGG), TGGA => TGAA (NNGA), TGGG => TGAG (NNGG)",25468,0.9999552572706936,0.9991361708811057,0.0,False,0.9990332220073826,,1.0,1.0,1.0,,,,,,,
RT,384,G,E,"GGA => GAA (NGA), GGGA => GAAA (NGGA), GGGG => GAAG (NGGG), GGG => GAG (NGG)",25455,0.9997729749364329,0.9994107248084856,0.0005107051659791789,False,0.9890380313199105,0.00044742729306487697,0.2,0.8181818181818182,0.46153846153846156,0.0028957528957528956,8.404773911581779e-05,0.0003077870113881194,0.0009886307464162135,0.0,0.0028957528957528956,A
RT,384,EGR,K,"AGA => AAA (NGA), AGGA => AAAA (NGGA), AGGG => AAAG (NGGG), AGG => AAG (NGG), GAA => AAA (GAN), GAGA => AAAA (GAGA), GAGG => AAAG (GAGG), GAG => AAG (GAN), GGA => AAA (GGA), GGG => AAG (GGG)",25455,0.9997729749364329,0.9999607149872324,0.0,False,0.9894854586129754,,,1.0,1.0,,,,,,,
RT,384,G,R,"GGA => AGA (GGN), GGGA => AGAA (GGGA), GGGG => AGAG (GGGG), GGG => AGG (GGN)",25455,0.9997729749364329,0.9994107248084856,3.928501276762915e-05,False,0.9890380313199105,,0.3333333333333333,1.0,0.9622641509433962,,,,,,,
RT,384,G,S,"GGC => AGC (GGN), GGT => AGT (GGN)",25455,0.9997729749364329,0.9994107248084856,0.0,False,0.010425055928411633,,,,,,,,,,,
RT,396,EGR,K,"AGA => AAA (NGA), AGGA => AAAA (NGGA), AGGG => AAAG (NGGG), AGG => AAG (NGG), GAA => AAA (GAN), GAGA => AAAA (GAGA), GAGG => AAAG (GAGG), GAG => AAG (GAN), GGA => AAA (GGA), GGG => AAG (GGG)",24926,0.9991858519155097,0.9802214555083045,0.00012035625451335955,False,0.9813186813186814,0.00013736263736263736,0.5555555555555556,1.0,0.7894736842105263,0.0,8.556515786771627e-05,0.0006406149903907751,0.0,0.0,0.0006406149903907751,C
RT,398,W,*,"TGGA => TAAA (NGGA), TGGG => TAAG (NGGG), TGG => TAG (NGG), TGGA => TGAA (NNGA), TGGG => TGAG (NNGG)",24761,0.9999525706697022,0.9995961390896975,0.0,False,0.9997733248707952,,1.0,1.0,1.0,,,,,,,
RT,401,W,*,"TGGA => TAAA (NGGA), TGGG => TAAG (NGGG), TGG => TAG (NGG), TGGA => TGAA (NNGA), TGGG => TGAG (NNGG)",13295,0.000650315867707172,0.999473486273035,0.0,False,0.9997257017463655,,1.0,1.0,1.0,,,,,,,
RT,402,W,*,"TGGA => TAAA (NGGA), TGGG => TAAG (NGGG), TGG => TAG (NGG), TGGA => TGAA (NNGA), TGGG => TGAG (NNGG)",13119,0.981651376146789,0.9990090708133242,0.0,False,0.9993496841322929,,1.0,1.0,1.0,,,,,,,
RT,404,EGR,K,"AGA => AAA (NGA), AGGA => AAAA (NGGA), AGGG => AAAG (NGGG), AGG => AAG (NGG), GAA => AAA (GAN), GAGA => AAAA (GAGA), GAGG => AAAG (GAGG), GAG => AAG (GAN), GGA => AAA (GGA), GGG => AAG (GGG)",13028,0.00018717828731867103,0.5693890082898373,0.00030703101013202335,False,0.6173838537699924,0.0002856054836252856,0.0,1.0,0.5,0.0,0.0,0.0,0.0005627462014631402,0.0,0.0019569471624266144,CRF07_BC
RT,406,W,*,"TGGA => TAAA (NGGA), TGGG => TAAG (NGGG), TGG => TAG (NGG), TGGA => TGAA (NNGA), TGGG => TGAG (NNGG)",13078,9.45000945000945e-05,0.9990824285058878,0.0,False,0.9996271439224459,,,1.0,1.0,,,,,,,
RT,410,W,*,"TGGA => TAAA (NGGA), TGGG => TAAG (NGGG), TGG => TAG (NGG), TGGA => TGAA (NNGA), TGGG => TGAG (NNGG)",12977,0.998760606349509,0.9909069892887417,0.0,False,0.9900291600037626,,1.0,1.0,1.0,,,,,,,
RT,413,EGR,K,"AGA => AAA (NGA), AGGA => AAAA (NGGA), AGGG => AAAG (NGGG), AGG => AAG (NGG), GAA => AAA (GAN), GAGA => AAAA (GAGA), GAGG => AAAG (GAGG), GAG => AAG (GAN), GGA => AAA (GGA), GGG => AAG (GGG)",12646,0.0006794797126771501,0.965285465759924,0.0006326111023248458,False,0.9691673212882954,0.00039277297721916735,0.14285714285714285,0.9047619047619048,0.7959183673469388,0.0,0.0,0.0,0.002224694104560623,0.0,0.002224694104560623,CRF01_AE
RT,414,W,*,"TGGA => TAAA (NGGA), TGGG => TAAG (NGGG), TGG => TAG (NGG), TGGA => TGAA (NNGA), TGGG => TGAG (NNGG)",12643,0.9999012638230649,0.9991299533338607,0.0,False,0.998932246165793,,1.0,1.0,1.0,,,,,,,
RT,415,EGR,K,"AGA => AAA (NGA), AGGA => AAAA (NGGA), AGGG => AAAG (NGGG), AGG => AAG (NGG), GAA => AAA (GAN), GAGA => AAAA (GAGA), GAGG => AAAG (GAGG), GAG => AAG (GAN), GGA => AAA (GGA), GGG => AAG (GGG)",12619,9.773260359655981e-05,0.9982565971947064,0.0003962279102940011,False,0.9979265402843602,0.00039494470774091627,0.2857142857142857,0.8181818181818182,0.6111111111111112,0.0,0.0006317119393556538,0.0,0.0005602240896358543,0.0,0.0006317119393556538,B
RT,426,W,*,"TGGA => TAAA (NGGA), TGGG => TAAG (NGGG), TGG => TAG (NGG), TGGA => TGAA (NNGA), TGGG => TGAG (NNGG)",12162,0.00010634903754121025,0.9995888834073343,0.0,False,0.9995884350241795,,1.0,1.0,1.0,,,,,,,
RT,430,EGR,K,"AGA => AAA (NGA), AGGA => AAAA (NGGA), AGGG => AAAG (NGGG), AGG => AAG (NGG), GAA => AAA (GAN), GAGA => AAAA (GAGA), GAGG => AAAG (GAGG), GAG => AAG (GAN), GGA => AAA (GGA), GGG => AAG (GGG)",11714,0.9959179170344218,0.9976950657333106,0.0022195663308861194,False,0.9973416038989809,0.0024368630926007973,0.26666666666666666,0.7777777777777778,0.4583333333333333,0.005970149253731343,0.0,0.005399568034557235,0.0,0.001557632398753894,0.01171875,CRF07_BC
RT,432,EGR,K,"AGA => AAA (NGA), AGGA => AAAA (NGGA), AGGG => AAAG (NGGG), AGG => AAG (NGG), GAA => AAA (GAN), GAGA => AAAA (GAGA), GAGG => AAAG (GAGG), GAG => AAG (GAN), GGA => AAA (GGA), GGG => AAG (GGG)",11492,0.0,0.6483640793595545,0.0001740341106856944,False,0.6050792946656316,0.00022180326050792945,0.0,1.0,0.8888888888888888,0.0,0.0003201024327784891,0.0005491488193300384,0.0,0.0,0.0005491488193300384,C
RT,436,EGR,K,"AGA => AAA (NGA), AGGA => AAAA (NGGA), AGGG => AAAG (NGGG), AGG => AAG (NGG), GAA => AAA (GAN), GAGA => AAAA (GAGA), GAGG => AAAG (GAGG), GAG => AAG (GAN), GGA => AAA (GGA), GGG => AAG (GGG)",10691,0.9993954781767622,0.9984098774670283,0.0004676830979328407,False,0.9954713383386963,0.00047670122750566085,0.16666666666666666,0.8571428571428571,0.5384615384615384,0.0,0.0006435006435006435,0.0006653359946773121,0.0,0.002036659877800407,0.002036659877800407,CRF02_AG
RT,436,G,R,"GGA => AGA (GGN), GGGA => AGAA (GGGA), GGGG => AGAG (GGGG), GGG => AGG (GGN)",10691,0.9993954781767622,0.9667009634271817,0.004396221120568702,False,0.9700869979740198,0.003217733285663211,0.022727272727272728,0.88,0.4787234042553192,0.0,0.003861003861003861,0.0013306719893546241,0.0011841326228537595,0.0,0.003861003861003861,B
RT,438,EGR,K,"AGA => AAA (NGA), AGGA => AAAA (NGGA), AGGG => AAAG (NGGG), AGG => AAG (NGG), GAA => AAA (GAN), GAGA => AAAA (GAGA), GAGG => AAAG (GAGG), GAG => AAG (GAN), GGA => AAA (GGA), GGG => AAG (GGG)",10497,0.9992544731610338,0.9979994284081166,0.0005715918833952558,False,0.9972056858218928,0.0007289515247236059,0.0,0.9090909090909091,0.5555555555555556,0.003472222222222222,0.0003189792663476874,0.0,0.0005927682276229994,0.004576659038901602,0.004576659038901602,CRF02_AG
RT,443,D,N,"GAC => AAC (GAN), GAT => AAT (GAN)",9949,1.0,0.9993969243140014,0.0002010252286661976,False,0.9993464906548163,0.00026140373807345446,0.6666666666666666,0.9333333333333333,0.8571428571428571,0.0,0.00032562683165092806,0.0007782101167315176,0.0,0.0,0.0007782101167315176,C
RT,444,G,E,"GGA => GAA (NGA), GGGA => GAAA (NGGA), GGGG => GAAG (NGGG), GGG => GAG (NGG)",9854,0.9994602617730401,0.9994925918408768,0.00040592652729855896,False,0.998931195724783,,,0.75,0.75,,,,,,,
RT,444,EGR,K,"AGA => AAA (NGA), AGGA => AAAA (NGGA), AGGG => AAAG (NGGG), AGG => AAG (NGG), GAA => AAA (GAN), GAGA => AAAA (GAGA), GAGG => AAAG (GAGG), GAG => AAG (GAN), GGA => AAA (GGA), GGG => AAG (GGG)",9854,0.9994602617730401,0.9998985183681753,0.0,False,0.998931195724783,,0.0,0.9473684210526315,0.9,,,,,,,
RT,444,G,R,"GGA => AGA (GGN), GGGA => AGAA (GGGA), GGGG => AGAG (GGGG), GGG => AGG (GGN)",9854,0.9994602617730401,0.9994925918408768,0.0,False,0.998931195724783,,1.0,0.9733333333333334,0.974025974025974,,,,,,,
RT,449,EGR,K,"AGA => AAA (NGA), AGGA => AAAA (NGGA), AGGG => AAAG (NGGG), AGG => AAG (NGG), GAA => AAA (GAN), GAGA => AAAA (GAGA), GAGG => AAAG (GAGG), GAG => AAG (GAN), GGA => AAA (GGA), GGG => AAG (GGG)",9609,0.9960241294214425,0.9355812259340203,0.002081382037673015,False,0.9485570890840652,0.0013941168269901018,0.08333333333333333,0.5454545454545454,0.4222222222222222,0.0,0.0006802721088435374,0.00247320692497939,0.0,,0.00247320692497939,C
RT,453,G,E,"GGA => GAA (NGA), GGGA => GAAA (NGGA), GGGG => GAAG (NGGG), GGG => GAG (NGG)",9637,0.9998632759092154,0.9988585659437584,0.0007263671266991802,False,0.9869648737650933,0.000411635565312843,0.3333333333333333,0.6923076923076923,0.5789473684210527,0.0,0.0006633499170812604,0.0,0.0006459948320413437,,0.0006633499170812604,B
RT,453,EGR,K,"AGA => AAA (NGA), AGGA => AAAA (NGGA), AGGG => AAAG (NGGG), AGG => AAG (NGG), GAA => AAA (GAN), GAGA => AAAA (GAGA), GAGG => AAAG (GAGG), GAG => AAG (GAN), GGA => AAA (GGA), GGG => AAG (GGG)",9637,0.9998632759092154,0.9997924665352288,0.0,False,0.9873765093304061,,0.0,1.0,0.9375,,,,,,,
RT,453,G,R,"GGA => AGA (GGN), GGGA => AGAA (GGGA), GGGG => AGAG (GGGG), GGG => AGG (GGN)",9637,0.9998632759092154,0.9988585659437584,0.00020753346477119436,False,0.9869648737650933,,1.0,0.9565217391304348,0.9577464788732394,,,,,,,
RT,453,G,S,"GGC => AGC (GGN), GGT => AGT (GGN)",9637,0.9998632759092154,0.9988585659437584,0.0,False,0.01234906695938529,,,,,,,,,,,
RT,456,G,E,"GGA => GAA (NGA), GGGA => GAAA (NGGA), GGGG => GAAG (NGGG), GGG => GAG (NGG)",9633,0.0001362583458236817,0.999584760718364,0.00010380982040901069,False,0.992399115533444,0.00013819789939192924,0.0,0.9615384615384616,0.9259259259259259,0.0,0.0003322259136212625,0.0,0.0,,0.0003322259136212625,B
RT,456,EGR,K,"AGA => AAA (NGA), AGGA => AAAA (NGGA), AGGG => AAAG (NGGG), AGG => AAG (NGG), GAA => AAA (GAN), GAGA => AAAA (GAGA), GAGG => AAAG (GAGG), GAG => AAG (GAN), GGA => AAA (GGA), GGG => AAG (GGG)",9633,0.0001362583458236817,0.999792380359182,0.0,False,0.9925373134328359,,1.0,0.967741935483871,0.96875,,,,,,,
RT,456,G,R,"GGA => AGA (GGN), GGGA => AGAA (GGGA), GGGG => AGAG (GGGG), GGG => AGG (GGN)",9633,0.0001362583458236817,0.999584760718364,0.00010380982040901069,False,0.992399115533444,,0.75,0.967741935483871,0.9428571428571428,,,,,,,
RT,462,G,E,"GGA => GAA (NGA), GGGA => GAAA (NGGA), GGGG => GAAG (NGGG), GGG => GAG (NGG)",9614,0.9955770559778853,0.9995839400873726,0.00010401497815685458,False,0.9928806133625411,0.00013691128148959474,0.0,0.8571428571428571,0.6666666666666666,0.0,0.0003315649867374005,0.0,0.0,,0.0003315649867374005,B
RT,462,EGR,K,"AGA => AAA (NGA), AGGA => AAAA (NGGA), AGGG => AAAG (NGGG), AGG => AAG (NGG), GAA => AAA (GAN), GAGA => AAAA (GAGA), GAGG => AAAG (GAGG), GAG => AAG (GAN), GGA => AAA (GGA), GGG => AAG (GGG)",9614,0.9955770559778853,0.9997919700436863,0.0,False,0.9930175246440307,,1.0,0.6666666666666666,0.75,,,,,,,
RT,462,G,R,"GGA => AGA (GGN), GGGA => AGAA (GGGA), GGGG => AGAG (GGGG), GGG => AGG (GGN)",9614,0.9955770559778853,0.9995839400873726,0.00010401497815685458,False,0.9928806133625411,,0.6666666666666666,0.96875,0.9552238805970149,,,,,,,
RT,471,EGR,K,"AGA => AAA (NGA), AGGA => AAAA (NGGA), AGGG => AAAG (NGGG), AGG => AAG (NGG), GAA => AAA (GAN), GAGA => AAAA (GAGA), GAGG => AAAG (GAGG), GAG => AAG (GAN), GGA => AAA (GGA), GGG => AAG (GGG)",9576,0.9998629385964912,0.5967000835421888,0.0005221386800334168,False,0.5536035412920183,0.00027666343892654584,0.3333333333333333,0.7857142857142857,0.7419354838709677,0.0,0.0,0.0,0.0,,0.004347826086956522,CRF07_BC
RT,478,EGR,K,"AGA => AAA (NGA), AGGA => AAAA (NGGA), AGGG => AAAG (NGGG), AGG => AAG (NGG), GAA => AAA (GAN), GAGA => AAAA (GAGA), GAGG => AAAG (GAGG), GAG => AAG (GAN), GGA => AAA (GGA), GGG => AAG (GGG)",9580,0.0,0.9997912317327766,0.00020876826722338206,False,1.0,,,0.8918918918918919,0.8918918918918919,,,,,,,
RT,490,EGR,K,"AGA => AAA (NGA), AGGA => AAAA (NGGA), AGGG => AAAG (NGGG), AGG => AAG (NGG), GAA => AAA (GAN), GAGA => AAAA (GAGA), GAGG => AAAG (GAGG), GAG => AAG (GAN), GGA => AAA (GGA), GGG => AAG (GGG)",9309,0.11066048667439166,0.9975292727468041,0.0005371146202599635,False,0.9901386308417893,0.0002858367871945119,0.0,0.5,0.3333333333333333,0.0,0.000362844702467344,0.0,0.0,,0.000362844702467344,B
RT,490,G,R,"GGA => AGA (GGN), GGGA => AGAA (GGGA), GGGG => AGAG (GGGG), GGG => AGG (GGN)",9309,0.11066048667439166,0.9820603716833172,0.0016113438607798904,False,0.9737030155781049,0.0014291839359725598,0.21428571428571427,0.896551724137931,0.6744186046511628,0.003937007874015748,0.000362844702467344,0.0016625103906899418,0.0006451612903225806,,0.003937007874015748,A
RT,498,D,N,"GAC => AAC (GAN), GAT => AAT (GAN)",9235,0.0,0.9998917162966974,0.0,False,0.9998549883990719,,1.0,1.0,1.0,,,,,,,
RT,504,G,E,"GGA => GAA (NGA), GGGA => GAAA (NGGA), GGGG => GAAG (NGGG), GGG => GAG (NGG)",9227,0.9998552821997105,0.9993497344749106,0.00032513276254470577,False,0.9942096120440069,0.00014475969889982628,0.0,0.6666666666666666,0.5714285714285714,0.0,0.0003732736095558044,0.0,0.0,,0.0003732736095558044,B
RT,504,EGR,K,"AGA => AAA (NGA), AGGA => AAAA (NGGA), AGGG => AAAG (NGGG), AGG => AAG (NGG), GAA => AAA (GAN), GAGA => AAAA (GAGA), GAGG => AAAG (GAGG), GAG => AAG (GAN), GGA => AAA (GGA), GGG => AAG (GGG)",9227,0.9998552821997105,0.9998916224124852,0.00010837758751490192,False,0.9944991314418066,,,0.875,0.875,,,,,,,
RT,504,G,R,"GGA => AGA (GGN), GGGA => AGAA (GGGA), GGGG => AGAG (GGGG), GGG => AGG (GGN)",9227,0.9998552821997105,0.9993497344749106,0.00021675517502980384,False,0.9942096120440069,0.00014475969889982628,0.3333333333333333,0.9726027397260274,0.9240506329113924,0.0,0.0,0.0,0.0006485084306095979,,0.0006485084306095979,CRF01_AE
RT,511,D,N,"GAC => AAC (GAN), GAT => AAT (GAN)",9213,0.9816930287053308,0.9975035276240095,0.000759795940518832,False,0.9986973512809378,0.00043421623968736427,0.16666666666666666,0.7142857142857143,0.46153846153846156,0.003937007874015748,0.00037397157816005983,0.0008278145695364238,0.0,,0.003937007874015748,A
RT,514,EGR,K,"AGA => AAA (NGA), AGGA => AAAA (NGGA), AGGG => AAAG (NGGG), AGG => AAG (NGG), GAA => AAA (GAN), GAGA => AAAA (GAGA), GAGG => AAAG (GAGG), GAG => AAG (GAN), GGA => AAA (GGA), GGG => AAG (GGG)",9194,0.0050526923632164,0.9480095714596476,0.00021753317380900588,False,0.9360558058421742,0.00014532771399505885,0.5,0.8235294117647058,0.7894736842105263,0.0,0.0003756574004507889,0.0,0.0,,0.0003756574004507889,B
RT,523,EGR,K,"AGA => AAA (NGA), AGGA => AAAA (NGGA), AGGG => AAAG (NGGG), AGG => AAG (NGG), GAA => AAA (GAN), GAGA => AAAA (GAGA), GAGG => AAAG (GAGG), GAG => AAG (GAN), GGA => AAA (GGA), GGG => AAG (GGG)",9154,0.3635294117647058,0.9992353069696308,0.00043696744592527855,False,0.9995596653456628,0.00044033465433729633,0.42857142857142855,0.7777777777777778,0.625,0.0,0.00038066235249333843,0.0,0.000643915003219575,,0.000643915003219575,CRF01_AE
RT,535,W,*,"TGGA => TAAA (NGGA), TGGG => TAAG (NGGG), TGG => TAG (NGG), TGGA => TGAA (NNGA), TGGG => TGAG (NNGG)",9079,1.0,0.9995594228439255,0.0,False,0.9998532648569333,,1.0,1.0,1.0,,,,,,,
RT,541,G,E,"GGA => GAA (NGA), GGGA => GAAA (NGGA), GGGG => GAAG (NGGG), GGG => GAG (NGG)",8885,0.9998496240601504,0.9994372537985369,0.00022509848058525604,False,0.9948694733665309,,0.5,0.6666666666666666,0.6428571428571429,,,,,,,
RT,541,EGR,K,"AGA => AAA (NGA), AGGA => AAAA (NGGA), AGGG => AAAG (NGGG), AGG => AAG (NGG), GAA => AAA (GAN), GAGA => AAAA (GAGA), GAGG => AAAG (GAGG), GAG => AAG (GAN), GGA => AAA (GGA), GGG => AAG (GGG)",8885,0.9998496240601504,0.9998874507597074,0.0,False,0.9951712690508525,,0.0,0.8181818181818182,0.6923076923076923,,,,,,,
RT,541,G,R,"GGA => AGA (GGN), GGGA => AGAA (GGGA), GGGG => AGAG (GGGG), GGG => AGG (GGN)",8885,0.9998496240601504,0.9994372537985369,0.00022509848058525604,False,0.9948694733665309,0.0003017956843217142,0.3333333333333333,0.9649122807017544,0.9333333333333333,0.0,0.00037936267071320183,0.0,0.0006561679790026247,,0.0006561679790026247,CRF01_AE
RT,543,G,E,"GGA => GAA (NGA), GGGA => GAAA (NGGA), GGGG => GAAG (NGGG), GGG => GAG (NGG)",8881,0.9998492159227986,0.9995496002702399,0.00011259993244004054,False,0.9980403979499548,0.00015073861923424781,0.3333333333333333,0.8333333333333334,0.6666666666666666,0.0,0.0,0.0,0.0,,0.0,CRF01_AE
RT,543,EGR,K,"AGA => AAA (NGA), AGGA => AAAA (NGGA), AGGG => AAAG (NGGG), AGG => AAG (NGG), GAA => AAA (GAN), GAGA => AAAA (GAGA), GAGG => AAAG (GAGG), GAG => AAG (GAN), GGA => AAA (GGA), GGG => AAG (GGG)",8881,0.9998492159227986,0.99988740006756,0.0,False,0.9983418751884232,,0.0,1.0,0.8571428571428571,,,,,,,
RT,543,G,R,"GGA => AGA (GGN), GGGA => AGAA (GGGA), GGGG => AGAG (GGGG), GGG => AGG (GGN)",8881,0.9998492159227986,0.9995496002702399,0.00022519986488008108,False,0.9980403979499548,0.00015073861923424781,0.8,0.9651162790697675,0.9560439560439561,0.0,0.0,0.0,0.0,,0.002178649237472767,CRF07_BC
RT,544,G,E,"GGA => GAA (NGA), GGGA => GAAA (NGGA), GGGG => GAAG (NGGG), GGG => GAG (NGG)",8881,0.9998500974366661,0.9992118004729197,0.0006755995946402432,False,0.9853739445114597,0.0004523522316043426,0.0,0.9,0.6428571428571429,0.0,0.0007627765064836003,0.0,0.0,,0.0007627765064836003,B
RT,544,EGR,K,"AGA => AAA (NGA), AGGA => AAAA (NGGA), AGGG => AAAG (NGGG), AGG => AAG (NGG), GAA => AAA (GAN), GAGA => AAAA (GAGA), GAGG => AAAG (GAGG), GAG => AAG (GAN), GGA => AAA (GGA), GGG => AAG (GGG)",8881,0.9998500974366661,1.0,0.0,False,0.9859770808202655,,1.0,0.8333333333333334,0.8571428571428571,,,,,,,
RT,544,G,R,"GGA => AGA (GGN), GGGA => AGAA (GGGA), GGGG => AGAG (GGGG), GGG => AGG (GGN)",8881,0.9998500974366661,0.9992118004729197,0.00011259993244004054,False,0.9853739445114597,0.00015078407720144752,0.5,1.0,0.9692307692307692,0.0,0.00038138825324180017,0.0,0.0,,0.00038138825324180017,B
RT,544,G,S,"GGC => AGC (GGN), GGT => AGT (GGN)",8881,0.9998500974366661,0.9992118004729197,0.0,False,0.013872135102533172,,,1.0,1.0,,,,,,,
RT,549,D,N,"GAC => AAC (GAN), GAT => AAT (GAN)",8857,0.9999999999999999,0.9983064242971661,0.0009032403748447555,False,0.9984896541307959,0.0009062075215224287,0.2222222222222222,0.7142857142857143,0.5217391304347826,0.0,0.001520912547528517,0.0009345794392523365,0.0006489292667099286,,0.001520912547528517,B
RT,555,G,E,"GGA => GAA (NGA), GGGA => GAAA (NGGA), GGGG => GAAG (NGGG), GGG => GAG (NGG)",8811,1.0,0.9988650550448304,0.0009079559641357395,False,0.9904269867801246,0.000759762953958365,0.16666666666666666,0.6,0.4375,0.004032258064516129,0.0007654037504783774,0.0,0.0013063357282821686,,0.004032258064516129,A
RT,555,EGR,K,"AGA => AAA (NGA), AGGA => AAAA (NGGA), AGGG => AAAG (NGGG), AGG => AAG (NGG), GAA => AAA (GAN), GAGA => AAAA (GAGA), GAGG => AAAG (GAGG), GAG => AAG (GAN), GGA => AAA (GGA), GGG => AAG (GGG)",8811,1.0,0.9998865055044831,0.0,False,0.9913387023248746,,,1.0,1.0,,,,,,,
RT,555,G,R,"GGA => AGA (GGN), GGGA => AGAA (GGGA), GGGG => AGAG (GGGG), GGG => AGG (GGN)",8811,1.0,0.9988650550448304,0.00011349449551696743,False,0.9904269867801246,0.000151952590791673,0.6,0.9534883720930233,0.9340659340659341,0.0,0.0,0.0009372071227741331,0.0,,0.0009372071227741331,C
RT,557,EGR,K,"AGA => AAA (NGA), AGGA => AAAA (NGGA), AGGG => AAAG (NGGG), AGG => AAG (NGG), GAA => AAA (GAN), GAGA => AAAA (GAGA), GAGG => AAAG (GAGG), GAG => AAG (GAN), GGA => AAA (GGA), GGG => AAG (GGG)",8800,0.9996914532551682,0.9990909090909091,0.0005681818181818182,False,0.99830220713073,0.0004630344188918043,0.0,0.9333333333333333,0.8484848484848485,0.0,0.00039108330074305825,0.0019029495718363464,0.0,,0.0019029495718363464,C
IN,3,D,N,"GAC => AAC (GAN), GAT => AAT (GAN)",22021,0.9997995590298657,0.9916897506925207,0.0008628127696289905,False,0.9918506445399319,0.0006914604632785104,0.16666666666666666,0.9285714285714286,0.7,0.0014792899408284023,0.0005803830528148578,0.0008107012565869477,0.0015105740181268882,0.0,0.0015105740181268882,CRF01_AE
IN,4,G,E,"GGA => GAA (NGA), GGGA => GAAA (NGGA), GGGG => GAAG (NGGG), GGG => GAG (NGG)",22061,0.9998543901373586,0.9982321744254566,0.00040795974797153345,False,0.917568651032271,0.0002505512126678693,0.0,0.6923076923076923,0.45,0.0,0.0002531004808909137,0.0004073319755600815,0.00051440329218107,0.0,0.00051440329218107,CRF01_AE
IN,4,EGR,K,"AGA => AAA (NGA), AGGA => AAAA (NGGA), AGGG => AAAG (NGGG), AGG => AAG (NGG), GAA => AAA (GAN), GAGA => AAAA (GAGA), GAGG => AAAG (GAGG), GAG => AAG (GAN), GGA => AAA (GGA), GGG => AAG (GGG)",22061,0.9998543901373586,0.9991387516431712,0.0,False,0.917919422730006,,0.6666666666666666,0.9818181818181818,0.9655172413793104,,,,,,,
IN,4,G,R,"GGA => AGA (GGN), GGGA => AGAA (GGGA), GGGG => AGAG (GGGG), GGG => AGG (GGN)",22061,0.9998543901373586,0.9982321744254566,0.0004986174697429853,False,0.917568651032271,0.00010022048506714773,0.14285714285714285,0.9080459770114943,0.851063829787234,0.0,0.00016873365392727579,0.0,0.0,0.0,0.00016873365392727579,B
IN,10,EGR,K,"AGA => AAA (NGA), AGGA => AAAA (NGGA), AGGG => AAAG (NGGG), AGG => AAG (NGG), GAA => AAA (GAN), GAGA => AAAA (GAGA), GAGG => AAAG (GAGG), GAG => AAG (GAN), GGA => AAA (GGA), GGG => AAG (GGG)",22239,0.9985528942115768,0.9385763748369981,0.0002697963037906381,False,0.941863317470441,0.0001471814747583771,0.16666666666666666,0.9166666666666666,0.8095238095238095,0.0,0.0,0.00040404040404040404,0.0,0.0010649627263045794,0.0020833333333333333,D
IN,11,EGR,K,"AGA => AAA (NGA), AGGA => AAAA (NGGA), AGGG => AAAG (NGGG), AGG => AAG (NGG), GAA => AAA (GAN), GAGA => AAAA (GAGA), GAGG => AAAG (GAGG), GAG => AAG (GAN), GGA => AAA (GGA), GGG => AAG (GGG)",22119,0.0001443001443001443,0.75048600750486,0.0,False,0.7487025948103792,,,1.0,1.0,,,,,,,
IN,13,EGR,K,"AGA => AAA (NGA), AGGA => AAAA (NGGA), AGGG => AAAG (NGGG), AGG => AAG (NGG), GAA => AAA (GAN), GAGA => AAAA (GAGA), GAGG => AAAG (GAGG), GAG => AAG (GAN), GGA => AAA (GGA), GGG => AAG (GGG)",22309,0.999552706127926,0.9828768658388991,0.00026894975122148014,False,0.9830988766319199,0.00020240866309078029,0.2,0.9636363636363636,0.9,0.0,0.00017429193899782134,0.0004037141703673799,0.0,0.0,0.0004037141703673799,C
IN,19,W,*,"TGGA => TAAA (NGGA), TGGG => TAAG (NGGG), TGG => TAG (NGG), TGGA => TGAA (NNGA), TGGG => TGAG (NNGG)",22441,0.999117603804108,0.9995989483534602,0.0,False,0.9996174262349959,,1.0,1.0,1.0,,,,,,,
IN,25,D,N,"GAC => AAC (GAN), GAT => AAT (GAN)",22407,4.814636494944632e-05,0.8599098496005713,0.0004016601954746285,False,0.8982569526047787,0.0002448100274187231,0.375,0.6666666666666666,0.5294117647058824,0.0,0.00016473107651758504,0.0,0.0010121457489878543,0.001053740779768177,0.001053740779768177,CRF02_AG
IN,35,EGR,K,"AGA => AAA (NGA), AGGA => AAAA (NGGA), AGGG => AAAG (NGGG), AGG => AAG (NGG), GAA => AAA (GAN), GAGA => AAAA (GAGA), GAGG => AAAG (GAGG), GAG => AAG (GAN), GGA => AAA (GGA), GGG => AAG (GGG)",22625,0.9998108747044917,0.9950055248618784,0.0004419889502762431,False,0.9953826174787168,0.00033668414217690346,0.42857142857142855,0.925,0.7962962962962963,0.0007122507122507123,8.063215610385422e-05,0.00040016006402561027,0.0005017561465127947,0.0,0.0007122507122507123,A
IN,47,G,E,"GGA => GAA (NGA), GGGA => GAAA (NGGA), GGGG => GAAG (NGGG), GGG => GAG (NGG)",22760,0.9998579410929064,0.9993409490333919,0.0003954305799648506,False,0.9980506822612086,0.00023772167546236864,0.23076923076923078,0.8888888888888888,0.7763157894736842,0.0,0.00023773674617640067,0.0,0.0,0.0,0.0037735849056603774,G
IN,47,EGR,K,"AGA => AAA (NGA), AGGA => AAAA (NGGA), AGGG => AAAG (NGGG), AGG => AAG (NGG), GAA => AAA (GAN), GAGA => AAAA (GAGA), GAGG => AAAG (GAGG), GAG => AAG (GAN), GGA => AAA (GGA), GGG => AAG (GGG)",22760,0.9998579410929064,0.9999121265377855,0.0,False,0.9984310369419485,,0.0,0.9824561403508771,0.9491525423728814,,,,,,,
IN,47,G,R,"GGA => AGA (GGN), GGGA => AGAA (GGGA), GGGG => AGAG (GGGG), GGG => AGG (GGN)",22760,0.9998579410929064,0.9993409490333919,0.0001757469244288225,False,0.9980506822612086,0.0001426330052774212,0.4,0.8636363636363636,0.7777777777777778,0.0,7.924558205880022e-05,0.0004008016032064128,0.0,0.0,0.004405286343612335,F
IN,48,EGR,K,"AGA => AAA (NGA), AGGA => AAAA (NGGA), AGGG => AAAG (NGGG), AGG => AAG (NGG), GAA => AAA (GAN), GAGA => AAAA (GAGA), GAGG => AAAG (GAGG), GAG => AAG (GAN), GGA => AAA (GGA), GGG => AAG (GGG)",22790,0.9959982849792769,0.9989469065379553,0.0005704256252742431,False,0.9994791173406572,0.00028411781418694954,0.45454545454545453,0.7714285714285715,0.6956521739130435,0.0,0.00023752969121140142,0.0,0.0005002501250625312,0.001004016064257028,0.001004016064257028,CRF02_AG
IN,52,G,E,"GGA => GAA (NGA), GGGA => GAAA (NGGA), GGGG => GAAG (NGGG), GGG => GAG (NGG)",22877,0.0010830154918302962,0.9997814398741094,4.37120251781265e-05,False,0.990125082290981,4.7023417661995674e-05,0.0,1.0,0.8333333333333334,0.0,7.85175879396985e-05,0.0,0.0,0.0,7.85175879396985e-05,B
IN,52,EGR,K,"AGA => AAA (NGA), AGGA => AAAA (NGGA), AGGG => AAAG (NGGG), AGG => AAG (NGG), GAA => AAA (GAN), GAGA => AAAA (GAGA), GAGG => AAAG (GAGG), GAG => AAG (GAN), GGA => AAA (GGA), GGG => AAG (GGG)",22877,0.0010830154918302962,0.999956287974822,0.0,False,0.9902191291263049,,,1.0,1.0,,,,,,,
IN,52,G,R,"GGA => AGA (GGN), GGGA => AGAA (GGGA), GGGG => AGAG (GGGG), GGG => AGG (GGN)",22877,0.0010830154918302962,0.9997814398741094,0.00013113607553437952,False,0.990125082290981,4.7023417661995674e-05,0.4,0.9655172413793104,0.9072164948453608,0.0,0.0,0.0,0.000500751126690035,0.0,0.000500751126690035,CRF01_AE
IN,55,D,N,"GAC => AAC (GAN), GAT => AAT (GAN)",22877,0.0018358988843383702,0.9977269746907375,0.0015299208812344276,False,0.9980230642504119,0.0016003765591903977,0.15789473684210525,0.8387096774193549,0.463768115942029,0.002803083391730904,0.0011021018657010155,0.0019928258270227183,0.000500751126690035,0.002898550724637681,0.017094017094017096,F
IN,59,EGR,K,"AGA => AAA (NGA), AGGA => AAAA (NGGA), AGGG => AAAG (NGGG), AGG => AAG (NGG), GAA => AAA (GAN), GAGA => AAAA (GAGA), GAGG => AAAG (GAGG), GAG => AAG (GAN), GGA => AAA (GGA), GGG => AAG (GGG)",22853,0.9968726661687826,0.9993873889642498,0.0,False,0.9948856371643701,,0.6666666666666666,0.972972972972973,0.95,,,,,,,
IN,59,G,R,"GGA => AGA (GGN), GGGA => AGAA (GGGA), GGGG => AGAG (GGGG), GGG => AGG (GGN)",22853,0.9968726661687826,0.994705290333873,0.0006126110357502297,False,0.990150116020268,0.00047355211441019087,0.0625,0.967741935483871,0.6595744680851063,0.0007220216606498195,0.00047221784983472373,0.0,0.0010193679918450561,0.0009652509652509653,0.0010193679918450561,CRF01_AE
IN,61,W,*,"TGGA => TAAA (NGGA), TGGG => TAAG (NGGG), TGG => TAG (NGG), TGGA => TGAA (NNGA), TGGG => TGAG (NNGG)",22908,4.702120656416044e-05,1.0,0.0,False,1.0,,,1.0,1.0,,,,,,,
IN,64,D,N,"GAC => AAC (GAN), GAT => AAT (GAN)",22918,0.00014214641080312722,0.999520027925648,0.0002181691247054717,False,0.9996204753546184,0.00018976232269082974,1.0,1.0,1.0,0.0007017543859649122,0.00023866348448687351,0.0,0.0,0.0,0.0007017543859649122,A
IN,69,EGR,K,"AGA => AAA (NGA), AGGA => AAAA (NGGA), AGGG => AAAG (NGGG), AGG => AAG (NGG), GAA => AAA (GAN), GAGA => AAAA (GAGA), GAGG => AAAG (GAGG), GAG => AAG (GAN), GGA => AAA (GGA), GGG => AAG (GGG)",22915,0.9999519369412669,0.9994763255509491,0.0003491162993672267,False,0.9995785924989465,0.00023411527836306599,0.2857142857142857,0.975609756097561,0.8,0.0,0.00023459493274945262,0.0003972983710766786,0.0,0.0,0.0036900369003690036,G
IN,70,EGR,K,"AGA => AAA (NGA), AGGA => AAAA (NGGA), AGGG => AAAG (NGGG), AGG => AAG (NGG), GAA => AAA (GAN), GAGA => AAAA (GAGA), GAGG => AAAG (GAGG), GAG => AAG (GAN), GGA => AAA (GGA), GGG => AAG (GGG)",22849,0.9926818970774499,0.9983369075233052,0.0,False,0.9921657214265117,,0.8,0.92,0.9,,,,,,,
IN,70,G,R,"GGA => AGA (GGN), GGGA => AGAA (GGGA), GGGG => AGAG (GGGG), GGG => AGG (GGN)",22849,0.9926818970774499,0.9939165827826163,0.00035012473193575213,False,0.9880322983754687,0.0003364414111314044,0.2631578947368421,0.9662921348314607,0.8425925925925926,0.0,0.0004040077569489334,0.00040551500405515005,0.0,0.0009832841691248771,0.0009832841691248771,CRF02_AG
IN,82,G,E,"GGA => GAA (NGA), GGGA => GAAA (NGGA), GGGG => GAAG (NGGG), GGG => GAG (NGG)",22925,0.0,0.9993456924754635,0.00013086150490730644,False,0.6897269673023234,9.463871669900156e-05,0.5,1.0,0.6666666666666666,0.0,7.908889591901297e-05,0.0,0.0005037783375314861,0.0,0.0005037783375314861,CRF01_AE
IN,82,EGR,K,"AGA => AAA (NGA), AGGA => AAAA (NGGA), AGGG => AAAG (NGGG), AGG => AAG (NGG), GAA => AAA (GAN), GAGA => AAAA (GAGA), GAGG => AAAG (GAGG), GAG => AAG (GAN), GGA => AAA (GGA), GGG => AAG (GGG)",22925,0.0,0.9996946564885496,0.0,False,0.6899635640940709,,,0.8333333333333334,0.8333333333333334,,,,,,,
IN,82,G,R,"GGA => AGA (GGN), GGGA => AGAA (GGGA), GGGG => AGAG (GGGG), GGG => AGG (GGN)",22925,0.0,0.9993456924754635,0.00021810250817884405,False,0.6897269673023234,0.00014195807504850235,0.14285714285714285,0.8636363636363636,0.6896551724137931,0.0,0.0002372666877570389,0.0,0.0,0.0,0.0002372666877570389,B
IN,82,G,S,"GGC => AGC (GGN), GGT => AGT (GGN)",22925,0.0,0.9993456924754635,0.00021810250817884405,False,0.30979983911418163,0.00014195807504850235,0.0,0.85,0.7391304347826086,0.000700770847932726,0.0,0.0,0.0,0.0,0.002004008016032064,D
IN,85,EGR,K,"AGA => AAA (NGA), AGGA => AAAA (NGGA), AGGG => AAAG (NGGG), AGG => AAG (NGG), GAA => AAA (GAN), GAGA => AAAA (GAGA), GAGG => AAAG (GAGG), GAG => AAG (GAN), GGA => AAA (GGA), GGG => AAG (GGG)",22924,0.9999536328650254,0.9998691327865992,8.724480893386844e-05,False,0.9998597999813067,9.346667912889055e-05,0.5,0.9230769230769231,0.8666666666666667,0.0,0.0,0.0,0.0010025062656641604,0.0,0.0010025062656641604,CRF01_AE
IN,87,EGR,K,"AGA => AAA (NGA), AGGA => AAAA (NGGA), AGGG => AAAG (NGGG), AGG => AAG (NGG), GAA => AAA (GAN), GAGA => AAAA (GAGA), GAGG => AAAG (GAGG), GAG => AAG (GAN), GGA => AAA (GGA), GGG => AAG (GGG)",22906,0.9995694603903559,0.9990832096393959,0.0003055967868680695,False,0.9992522316212553,0.00028041314202925644,0.18181818181818182,1.0,0.6086956521739131,0.0,0.00023322708543885564,0.0,0.0,0.0,0.0039447731755424065,D
IN,92,EGR,K,"AGA => AAA (NGA), AGGA => AAAA (NGGA), AGGG => AAAG (NGGG), AGG => AAG (NGG), GAA => AAA (GAN), GAGA => AAAA (GAGA), GAGG => AAAG (GAGG), GAG => AAG (GAN), GGA => AAA (GGA), GGG => AAG (GGG)",22888,0.9975385472784695,0.9959367354072003,0.00017476406850751484,False,0.9952251023192361,0.00019489378288832586,0.3333333333333333,1.0,0.8,0.0,0.0,0.00039761431411530816,0.0010045203415369162,0.0,0.0010045203415369162,CRF01_AE
IN,94,G,E,"GGA => GAA (NGA), GGGA => GAAA (NGGA), GGGG => GAAG (NGGG), GGG => GAG (NGG)",22926,0.003577902871863372,0.9994765768123528,4.3618598970601065e-05,False,0.9972186256174171,,1.0,0.8333333333333334,0.8571428571428571,,,,,,,
IN,94,EGR,K,"AGA => AAA (NGA), AGGA => AAAA (NGGA), AGGG => AAAG (NGGG), AGG => AAG (NGG), GAA => AAA (GAN), GAGA => AAAA (GAGA), GAGG => AAAG (GAGG), GAG => AAG (GAN), GGA => AAA (GGA), GGG => AAG (GGG)",22926,0.003577902871863372,0.9997382884061764,0.0,False,0.9972665803481513,,,1.0,1.0,,,,,,,
IN,94,G,R,"GGA => AGA (GGN), GGGA => AGAA (GGGA), GGGG => AGAG (GGGG), GGG => AGG (GGN)",22926,0.003577902871863372,0.9994765768123528,0.0002180929948530053,False,0.9972186256174171,4.795473073418693e-05,0.3333333333333333,0.7692307692307693,0.6875,0.0,0.0,0.00039761431411530816,0.0,0.0,0.00039761431411530816,C
IN,96,EGR,K,"AGA => AAA (NGA), AGGA => AAAA (NGGA), AGGG => AAAG (NGGG), AGG => AAG (NGG), GAA => AAA (GAN), GAGA => AAAA (GAGA), GAGG => AAAG (GAGG), GAG => AAG (GAN), GGA => AAA (GGA), GGG => AAG (GGG)",22860,0.9993470149253731,0.9801399825021871,0.0,False,0.9797090532460807,,0.6,1.0,0.9444444444444444,,,,,,,
IN,106,G,E,"GGA => GAA (NGA), GGGA => GAAA (NGGA), GGGG => GAAG (NGGG), GGG => GAG (NGG)",22861,0.9972693032015066,0.9794847119548576,8.748523686627881e-05,False,0.9631710656782663,4.7216582463761274e-05,0.6,1.0,0.9375,0.0,0.0,0.0,0.0,0.0,0.004219409282700422,F
IN,106,EGR,K,"AGA => AAA (NGA), AGGA => AAAA (NGGA), AGGG => AAAG (NGGG), AGG => AAG (NGG), GAA => AAA (GAN), GAGA => AAAA (GAGA), GAGG => AAAG (GAGG), GAG => AAG (GAN), GGA => AAA (GGA), GGG => AAG (GGG)",22861,0.9972693032015066,0.9797471676654566,0.0,False,0.9633127154256576,,,1.0,1.0,,,,,,,
IN,106,G,R,"GGA => AGA (GGN), GGGA => AGAA (GGGA), GGGG => AGAG (GGGG), GGG => AGG (GGN)",22861,0.9972693032015066,0.9794847119548576,0.00017497047373255762,False,0.9631710656782663,9.443316492752255e-05,0.5,0.96,0.8709677419354839,0.0,0.0,0.0,0.0010065425264217413,0.0,0.0010065425264217413,CRF01_AE
IN,107,EGR,K,"AGA => AAA (NGA), AGGA => AAAA (NGGA), AGGG => AAAG (NGGG), AGG => AAG (NGG), GAA => AAA (GAN), GAGA => AAAA (GAGA), GAGG => AAAG (GAGG), GAG => AAG (GAN), GGA => AAA (GGA), GGG => AAG (GGG)",22914,0.0,0.9998690756742603,8.728288382648163e-05,False,0.9972222222222222,4.7080979284369114e-05,0.6666666666666666,1.0,0.9459459459459459,0.0,0.0,0.0,0.0005035246727089627,0.0,0.0005035246727089627,CRF01_AE
IN,108,W,*,"TGGA => TAAA (NGGA), TGGG => TAAG (NGGG), TGG => TAG (NGG), TGGA => TGAA (NNGA), TGGG => TGAG (NNGG)",22924,4.636498516320475e-05,1.0,0.0,False,0.9999075315548569,,1.0,1.0,1.0,,,,,,,
IN,116,D,N,"GAC => AAC (GAN), GAT => AAT (GAN)",22924,0.99995340819084,0.9997382655731984,4.362240446693422e-05,False,0.999905172822531,4.7413588734531315e-05,1.0,1.0,1.0,0.0,0.0,0.0,0.0,0.0,0.004219409282700422,F
IN,118,G,E,"GGA => GAA (NGA), GGGA => GAAA (NGGA), GGGG => GAAG (NGGG), GGG => GAG (NGG)",22927,0.8712044898546554,0.999563833035286,4.3616696471409256e-05,False,0.02454132778513335,4.728579534707774e-05,0.0,,0.0,0.0,0.0,0.0,0.000505050505050505,0.0,0.000505050505050505,CRF01_AE
IN,118,EGR,K,"AGA => AAA (NGA), AGGA => AAAA (NGGA), AGGG => AAAG (NGGG), AGG => AAG (NGG), GAA => AAA (GAN), GAGA => AAAA (GAGA), GAGG => AAAG (GAGG), GAG => AAG (GAN), GGA => AAA (GGA), GGG => AAG (GGG)",22927,0.8712044898546554,0.9999563833035287,0.0,False,0.024588613580480423,,,,,,,,,,,
IN,118,G,S,"GGC => AGC (GGN), GGT => AGT (GGN)",22927,0.8712044898546554,0.999563833035286,4.3616696471409256e-05,False,0.9753168148288255,4.728579534707774e-05,0.0,1.0,0.9459459459459459,0.0,7.912644405760406e-05,0.0,0.0,0.0,7.912644405760406e-05,B
IN,131,W,*,"TGGA => TAAA (NGGA), TGGG => TAAG (NGGG), TGG => TAG (NGG), TGGA => TGAA (NNGA), TGGG => TGAG (NNGG)",22925,9.245562130177515e-05,0.9998255179934569,0.0,False,0.9999075358298659,,1.0,1.0,1.0,,,,,,,
IN,132,W,*,"TGGA => TAAA (NGGA), TGGG => TAAG (NGGG), TGG => TAG (NGG), TGGA => TGAA (NNGA), TGGG => TGAG (NNGG)",22926,0.9999032648125756,0.9998691442030881,0.0,False,0.9998613165680473,,1.0,1.0,1.0,,,,,,,
IN,140,G,E,"GGA => GAA (NGA), GGGA => GAAA (NGGA), GGGG => GAAG (NGGG), GGG => GAG (NGG)",22886,0.9999057537345083,0.9840950799615485,0.00026216901162282616,False,0.43018450893715166,9.609840476648087e-05,0.6666666666666666,0.875,0.7857142857142857,0.0,0.0,0.0004014452027298274,0.0,0.0009587727708533077,0.0009587727708533077,CRF02_AG
IN,140,EGR,K,"AGA => AAA (NGA), AGGA => AAAA (NGGA), AGGG => AAAG (NGGG), AGG => AAG (NGG), GAA => AAA (GAN), GAGA => AAAA (GAGA), GAGG => AAAG (GAGG), GAG => AAG (GAN), GGA => AAA (GGA), GGG => AAG (GGG)",22886,0.9999057537345083,0.9845757231495237,0.0,False,0.43032865654430136,,0.5,1.0,0.9807692307692307,,,,,,,
IN,140,G,R,"GGA => AGA (GGN), GGGA => AGAA (GGGA), GGGG => AGAG (GGGG), GGG => AGG (GGN)",22886,0.9999057537345083,0.9840950799615485,0.00021847417635235516,False,0.43018450893715166,4.8049202383240436e-05,0.3333333333333333,0.9574468085106383,0.92,0.0,0.0,0.0,0.0,0.0,0.0036496350364963502,G
IN,149,G,E,"GGA => GAA (NGA), GGGA => GAAA (NGGA), GGGG => GAAG (NGGG), GGG => GAG (NGG)",22917,0.9999999999999999,0.9995636427106515,0.0,False,0.9950253425943307,,0.6666666666666666,0.95,0.9130434782608695,,,,,,,
IN,149,EGR,K,"AGA => AAA (NGA), AGGA => AAAA (NGGA), AGGG => AAAG (NGGG), AGG => AAG (NGG), GAA => AAA (GAN), GAGA => AAAA (GAGA), GAGG => AAAG (GAGG), GAG => AAG (GAN), GGA => AAA (GGA), GGG => AAG (GGG)",22917,0.9999999999999999,0.9995636427106515,0.0,False,0.9950253425943307,,,1.0,1.0,,,,,,,
IN,149,G,R,"GGA => AGA (GGN), GGGA => AGAA (GGGA), GGGG => AGAG (GGGG), GGG => AGG (GGN)",22917,0.9999999999999999,0.9995636427106515,0.0,False,0.9950253425943307,,0.16666666666666666,0.9402985074626866,0.8767123287671232,,,,,,,
IN,152,EGR,K,"AGA => AAA (NGA), AGGA => AAAA (NGGA), AGGG => AAAG (NGGG), AGG => AAG (NGG), GAA => AAA (GAN), GAGA => AAAA (GAGA), GAGG => AAAG (GAGG), GAG => AAG (GAN), GGA => AAA (GGA), GGG => AAG (GGG)",22895,0.0025937845237523414,0.9986896702336755,0.001266652107447041,False,0.9993437089818112,0.000562535158447403,1.0,1.0,1.0,0.0,0.0003912363067292645,0.0007971303308090873,0.0015060240963855422,0.0009551098376313276,0.004132231404958678,F
IN,157,EGR,K,"AGA => AAA (NGA), AGGA => AAAA (NGGA), AGGG => AAAG (NGGG), AGG => AAG (NGG), GAA => AAA (GAN), GAGA => AAAA (GAGA), GAGG => AAAG (GAGG), GAG => AAG (GAN), GGA => AAA (GGA), GGG => AAG (GGG)",22823,0.0005637508221366156,0.9698987863120536,0.001183017131840687,False,0.96875589066918,0.0007540056550424129,0.3103448275862069,0.8507462686567164,0.6875,0.0007047216349541931,0.0005507474429583006,0.001599360255897641,0.0005042864346949068,0.000966183574879227,0.001599360255897641,C
IN,166,EGR,K,"AGA => AAA (NGA), AGGA => AAAA (NGGA), AGGG => AAAG (NGGG), AGG => AAG (NGG), GAA => AAA (GAN), GAGA => AAAA (GAGA), GAGG => AAAG (GAGG), GAG => AAG (GAN), GGA => AAA (GGA), GGG => AAG (GGG)",22903,1.0,0.9989521023446709,0.0010478976553289963,False,0.9928325552883482,0.0003300796906681756,0.2916666666666667,0.8679245283018868,0.7615384615384615,0.00141643059490085,7.860399308284861e-05,0.0007980845969672786,0.0005042864346949068,0.0,0.00141643059490085,A
IN,167,D,N,"GAC => AAC (GAN), GAT => AAT (GAN)",22732,9.402472850359644e-05,0.8156343480556044,0.0001319725497096604,False,0.8172384382107657,9.476876421531463e-05,0.6666666666666666,0.8333333333333334,0.8055555555555556,0.0,7.882084023015685e-05,0.00040192926045016077,0.0,0.0,0.00040192926045016077,C
IN,170,EGR,K,"AGA => AAA (NGA), AGGA => AAAA (NGGA), AGGG => AAAG (NGGG), AGG => AAG (NGG), GAA => AAA (GAN), GAGA => AAAA (GAGA), GAGG => AAAG (GAGG), GAG => AAG (GAN), GGA => AAA (GGA), GGG => AAG (GGG)",22909,0.0,0.9990833296957528,0.000305556768082413,False,0.9989667480743942,0.00028179597971068947,0.2727272727272727,0.9361702127659575,0.8103448275862069,0.0014035087719298245,0.00023557126030624266,0.0,0.000501002004008016,0.0,0.0014035087719298245,A
IN,178,M,I,"ATGA => ATAA (NNGA), ATGG => ATAG (NNGG)",22890,0.9990238914195408,0.999650502402796,0.0,False,0.9998609501738123,,0.3333333333333333,1.0,0.875,,,,,,,
IN,189,G,E,"GGA => GAA (NGA), GGGA => GAAA (NGGA), GGGG => GAAG (NGGG), GGG => GAG (NGG)",22859,0.9999535876728859,0.9987750995231638,4.3746445601294894e-05,False,0.9988390991409334,4.643603436266543e-05,0.0,1.0,0.5,0.0,0.0,0.0,0.000499001996007984,0.0,0.000499001996007984,CRF01_AE
IN,189,EGR,K,"AGA => AAA (NGA), AGGA => AAAA (NGGA), AGGG => AAAG (NGGG), AGG => AAG (NGG), GAA => AAA (GAN), GAGA => AAAA (GAGA), GAGG => AAAG (GAGG), GAG => AAG (GAN), GGA => AAA (GGA), GGG => AAG (GGG)",22859,0.9999535876728859,0.9999562535543988,0.0,False,0.9997678198281867,,,1.0,1.0,,,,,,,
IN,190,G,E,"GGA => GAA (NGA), GGGA => GAAA (NGGA), GGGG => GAAG (NGGG), GGG => GAG (NGG)",22886,0.9989309783871717,0.9998252206589181,4.369483527047103e-05,False,0.9996751137102013,4.64123271140815e-05,0.5,1.0,0.8,0.0,7.736345350456444e-05,0.0,0.0,0.0,7.736345350456444e-05,B
IN,190,EGR,K,"AGA => AAA (NGA), AGGA => AAAA (NGGA), AGGG => AAAG (NGGG), AGG => AAG (NGG), GAA => AAA (GAN), GAGA => AAAA (GAGA), GAGG => AAAG (GAGG), GAG => AAG (GAN), GGA => AAA (GGA), GGG => AAG (GGG)",22886,0.9989309783871717,1.0,0.0,False,0.9998607630186578,,,1.0,1.0,,,,,,,
IN,190,G,R,"GGA => AGA (GGN), GGGA => AGAA (GGGA), GGGG => AGAG (GGGG), GGG => AGG (GGN)",22886,0.9989309783871717,0.9998252206589181,0.00013108450581141308,False,0.9996751137102013,0.0001392369813422445,0.0,1.0,0.5714285714285714,0.000693000693000693,7.736345350456444e-05,0.0,0.0,0.0,0.004149377593360996,F
IN,192,G,E,"GGA => GAA (NGA), GGGA => GAAA (NGGA), GGGG => GAAG (NGGG), GGG => GAG (NGG)",22892,1.0,0.9995194827887471,8.736676568233443e-05,False,0.999021298410775,4.6604837582141024e-05,0.0,1.0,0.8,0.000693000693000693,0.0,0.0,0.0,0.0,0.000693000693000693,A
IN,192,EGR,K,"AGA => AAA (NGA), AGGA => AAAA (NGGA), AGGG => AAAG (NGGG), AGG => AAG (NGG), GAA => AAA (GAN), GAGA => AAAA (GAGA), GAGG => AAAG (GAGG), GAG => AAG (GAN), GGA => AAA (GGA), GGG => AAG (GGG)",22892,1.0,0.9996505329372707,0.0,False,0.9991145080859393,,,1.0,1.0,,,,,,,
IN,192,G,R,"GGA => AGA (GGN), GGGA => AGAA (GGGA), GGGG => AGAG (GGGG), GGG => AGG (GGN)",22892,1.0,0.9995194827887471,4.368338284116722e-05,False,0.999021298410775,4.6604837582141024e-05,0.0,1.0,0.95,0.0,7.782101167315176e-05,0.0,0.0,0.0,7.782101167315176e-05,B
IN,193,EGR,K,"AGA => AAA (NGA), AGGA => AAAA (NGGA), AGGG => AAAG (NGGG), AGG => AAG (NGG), GAA => AAA (GAN), GAGA => AAAA (GAGA), GAGG => AAAG (GAGG), GAG => AAG (GAN), GGA => AAA (GGA), GGG => AAG (GGG)",22772,4.698364968990791e-05,0.9899877041981381,0.00013174073423502546,False,0.9821445667783628,0.00019147917663954044,0.0,1.0,0.3333333333333333,0.0,0.00016160310277957336,0.0,0.0,0.0,0.004016064257028112,D
IN,197,G,E,"GGA => GAA (NGA), GGGA => GAAA (NGGA), GGGG => GAAG (NGGG), GGG => GAG (NGG)",22877,0.9980765622067929,0.9997814398741094,0.0,False,0.9996238657200621,,,1.0,1.0,,,,,,,
IN,197,EGR,K,"AGA => AAA (NGA), AGGA => AAAA (NGGA), AGGG => AAAG (NGGG), AGG => AAG (NGG), GAA => AAA (GAN), GAGA => AAAA (GAGA), GAGG => AAAG (GAGG), GAG => AAG (GAN), GGA => AAA (GGA), GGG => AAG (GGG)",22877,0.9980765622067929,1.0,0.0,False,0.9996708825050543,,,,,,,,,,,
IN,198,EGR,K,"AGA => AAA (NGA), AGGA => AAAA (NGGA), AGGG => AAAG (NGGG), AGG => AAG (NGG), GAA => AAA (GAN), GAGA => AAAA (GAGA), GAGG => AAAG (GAGG), GAG => AAG (GAN), GGA => AAA (GGA), GGG => AAG (GGG)",22846,0.9994840041279669,0.9932154425282325,4.377133852753217e-05,False,0.9929630324638768,9.382623381497467e-05,0.3333333333333333,1.0,0.7142857142857143,0.0,7.835762419683435e-05,0.0003992015968063872,0.0,0.0,0.0003992015968063872,C
IN,199,EGR,K,"AGA => AAA (NGA), AGGA => AAAA (NGGA), AGGG => AAAG (NGGG), AGG => AAG (NGG), GAA => AAA (GAN), GAGA => AAAA (GAGA), GAGG => AAAG (GAGG), GAG => AAG (GAN), GGA => AAA (GGA), GGG => AAG (GGG)",22871,0.9970686767169179,0.9997376590442044,0.00017489397053036597,False,0.999108734402852,0.00028145229383619476,0.4,0.5,0.4166666666666667,0.0,0.00031352876626430476,0.0003977724741447892,0.0,0.0,0.004149377593360996,F
IN,202,D,N,"GAC => AAC (GAN), GAT => AAT (GAN)",22866,0.9972678882660511,0.9998250677862328,0.0,False,0.9998586705610779,,,1.0,1.0,,,,,,,
IN,212,EGR,K,"AGA => AAA (NGA), AGGA => AAAA (NGGA), AGGG => AAAG (NGGG), AGG => AAG (NGG), GAA => AAA (GAN), GAGA => AAAA (GAGA), GAGG => AAAG (GAGG), GAG => AAG (GAN), GGA => AAA (GGA), GGG => AAG (GGG)",22786,0.0002882675122513693,0.9834108663214255,0.0003949793732993944,False,0.9818913480885312,0.00032754667540124465,0.125,0.6,0.3076923076923077,0.0006983240223463687,0.000234192037470726,0.0,0.0,0.0028735632183908046,0.0028735632183908046,CRF02_AG
IN,224,R,Q,"CGA => CAA (NGA), CGGA => CAAA (NGGA), CGGG => CAAG (NGGG), CGG => CAG (NGG)",22827,0.999812769144355,0.9979410347395627,0.0014456564594559074,False,0.9980932893084686,0.0012091336092638237,0.09090909090909091,0.8536585365853658,0.6347826086956522,0.006954102920723227,0.0007743534148985597,0.0015854141894569957,0.0,0.0,0.006954102920723227,A
IN,228,EGR,K,"AGA => AAA (NGA), AGGA => AAAA (NGGA), AGGG => AAAG (NGGG), AGG => AAG (NGG), GAA => AAA (GAN), GAGA => AAAA (GAGA), GAGG => AAAG (GAGG), GAG => AAG (GAN), GGA => AAA (GGA), GGG => AAG (GGG)",22826,0.9999534775529193,0.9999123806185928,8.761938140716727e-05,False,0.9998599635905334,9.335760631097419e-05,0.25,1.0,0.6666666666666666,0.0006958942240779402,0.0,0.0,0.0005005005005005005,0.0,0.0006958942240779402,A
IN,229,D,N,"GAC => AAC (GAN), GAT => AAT (GAN)",22818,0.9989699892317055,0.9976334472784644,8.765010079761592e-05,False,0.9972551756222378,9.30448941614329e-05,0.0,1.0,0.5714285714285714,0.0,0.00015513496742165683,0.0,0.0,0.0,0.00015513496742165683,B
IN,235,W,*,"TGGA => TAAA (NGGA), TGGG => TAAG (NGGG), TGG => TAG (NGG), TGGA => TGAA (NNGA), TGGG => TGAG (NNGG)",22814,0.9998602245725203,0.999912334531428,0.0,False,0.9998138928953613,,1.0,1.0,1.0,,,,,,,
IN,237,G,E,"GGA => GAA (NGA), GGGA => GAAA (NGGA), GGGG => GAAG (NGGG), GGG => GAG (NGG)",22811,0.0,0.9999123230020605,4.3838498969795274e-05,False,0.9989293361884369,4.6550600502746487e-05,1.0,1.0,1.0,0.0,7.757951900698215e-05,0.0,0.0,0.0,7.757951900698215e-05,B
IN,237,EGR,K,"AGA => AAA (NGA), AGGA => AAAA (NGGA), AGGG => AAAG (NGGG), AGG => AAG (NGG), GAA => AAA (GAN), GAGA => AAAA (GAGA), GAGG => AAAG (GAGG), GAG => AAG (GAN), GGA => AAA (GGA), GGG => AAG (GGG)",22811,0.0,1.0,0.0,False,0.9990224373894424,,,,,,,,,,,
IN,237,G,R,"GGA => AGA (GGN), GGGA => AGAA (GGGA), GGGG => AGAG (GGGG), GGG => AGG (GGN)",22811,0.0,0.9999123230020605,4.3838498969795274e-05,False,0.9989293361884369,4.6550600502746487e-05,0.0,0.9285714285714286,0.8666666666666667,0.0,0.0,0.0,0.0004992511233150275,0.0,0.0004992511233150275,CRF01_AE
IN,243,W,*,"TGGA => TAAA (NGGA), TGGG => TAAG (NGGG), TGG => TAG (NGG), TGGA => TGAA (NNGA), TGGG => TGAG (NNGG)",22791,0.9999999999999999,0.9997367381861261,0.0,False,0.9996273523383641,,1.0,1.0,1.0,,,,,,,
IN,245,G,S,"GGC => AGC (GGN), GGT => AGT (GGN)",22791,0.9999999999999999,0.9997806151551051,0.00013163090693694878,False,0.9985993743872262,,,0.7142857142857143,0.7142857142857143,,,,,,,
IN,246,EGR,K,"AGA => AAA (NGA), AGGA => AAAA (NGGA), AGGG => AAAG (NGGG), AGG => AAG (NGG), GAA => AAA (GAN), GAGA => AAAA (GAGA), GAGG => AAAG (GAGG), GAG => AAG (GAN), GGA => AAA (GGA), GGG => AAG (GGG)",22792,0.9999531857122794,0.9997367497367498,8.775008775008775e-05,False,0.9997668019215521,9.327923137913344e-05,0.3333333333333333,0.8333333333333334,0.6666666666666666,0.0,7.77363184079602e-05,0.0,0.0,0.0009624639076034649,0.0009624639076034649,CRF02_AG
IN,247,G,E,"GGA => GAA (NGA), GGGA => GAAA (NGGA), GGGG => GAAG (NGGG), GGG => GAG (NGG)",22787,0.9997192194300155,0.9996928073024093,0.0,False,0.9993914142596321,,,1.0,1.0,,,,,,,
IN,247,EGR,K,"AGA => AAA (NGA), AGGA => AAAA (NGGA), AGGG => AAAG (NGGG), AGG => AAG (NGG), GAA => AAA (GAN), GAGA => AAAA (GAGA), GAGG => AAAG (GAGG), GAG => AAG (GAN), GGA => AAA (GGA), GGG => AAG (GGG)",22787,0.9997192194300155,1.0,0.0,False,0.9996254856982352,,0.0,1.0,0.8,,,,,,,
IN,247,G,R,"GGA => AGA (GGN), GGGA => AGAA (GGGA), GGGG => AGAG (GGGG), GGG => AGG (GGN)",22787,0.9997192194300155,0.9996928073024093,0.00030719269759073157,False,0.9993914142596321,0.00023407143860306164,0.25,0.9310344827586207,0.7837837837837838,0.0,0.000156128024980484,0.0,0.0009995002498750624,0.0,0.004166666666666667,F
IN,253,D,N,"GAC => AAC (GAN), GAT => AAT (GAN)",22593,0.9926481119014655,0.9712300269995131,8.852299384765193e-05,False,0.9710047525322836,0.00014401612980653833,0.4,0.9166666666666666,0.7647058823529411,0.0,0.00016096579476861168,0.0,0.0,0.0,0.0037313432835820895,G
IN,256,D,N,"GAC => AAC (GAN), GAT => AAT (GAN)",22412,0.9994356128304017,0.8133589148670355,8.92379082634303e-05,False,0.8105859015917558,4.8381634331607724e-05,0.0,0.75,0.6,0.0,8.149959250203749e-05,0.0,0.0,0.0,8.149959250203749e-05,B
IN,262,EGR,K,"AGA => AAA (NGA), AGGA => AAAA (NGGA), AGGG => AAAG (NGGG), AGG => AAG (NGG), GAA => AAA (GAN), GAGA => AAAA (GAGA), GAGG => AAAG (GAGG), GAG => AAG (GAN), GGA => AAA (GGA), GGG => AAG (GGG)",22572,0.9985144719187273,0.9992468545100124,0.0004873294346978557,False,0.9975594582954491,0.0003828300713021008,0.23076923076923078,0.625,0.38095238095238093,0.0007052186177715092,0.0004815795810257645,0.0004043671653861706,0.0,0.0,0.0007052186177715092,A
IN,272,EGR,K,"AGA => AAA (NGA), AGGA => AAAA (NGGA), AGGG => AAAG (NGGG), AGG => AAG (NGG), GAA => AAA (GAN), GAGA => AAAA (GAGA), GAGG => AAAG (GAGG), GAG => AAG (GAN), GGA => AAA (GGA), GGG => AAG (GGG)",22154,0.997690531177829,0.9999548614245735,0.0,False,0.9854354931743896,,1.0,1.0,1.0,,,,,,,
IN,272,G,R,"GGA => AGA (GGN), GGGA => AGAA (GGGA), GGGG => AGAG (GGGG), GGG => AGG (GGN)",22154,0.997690531177829,0.9995034756703078,0.00022569287713279768,False,0.9847625456642953,0.0002403383964622188,0.3333333333333333,0.9,0.631578947368421,0.0,0.00015964240102171138,0.0004086636697997548,0.0005047955577990914,0.0,0.0045045045045045045,F
IN,272,G,S,"GGC => AGC (GGN), GGT => AGT (GGN)",22154,0.997690531177829,0.9995034756703078,0.0,False,0.014516439146318016,,,,,,,,,,,
IN,275,M,I,"ATGA => ATAA (NNGA), ATGG => ATAG (NNGG)",21938,0.9999512028497535,0.9926611359285259,9.116601331023795e-05,False,0.9925049885628072,4.866890543631674e-05,0.0,,0.0,0.0,8.061265618702137e-05,0.0,0.0,0.0,8.061265618702137e-05,B
IN,277,G,E,"GGA => GAA (NGA), GGGA => GAAA (NGGA), GGGG => GAAG (NGGG), GGG => GAG (NGG)",21334,0.9994562262098967,0.9987344145495454,9.374707040404987e-05,False,0.01537400216812851,,,0.0,0.0,,,,,,,
IN,277,EGR,K,"AGA => AAA (NGA), AGGA => AAAA (NGGA), AGGG => AAAG (NGGG), AGG => AAG (NGG), GAA => AAA (GAN), GAGA => AAAA (GAGA), GAGG => AAAG (GAGG), GAG => AAG (GAN), GGA => AAA (GGA), GGG => AAG (GGG)",21334,0.9994562262098967,0.9991094028311617,0.0,False,0.01537400216812851,,,,,,,,,,,
IN,277,G,S,"GGC => AGC (GGN), GGT => AGT (GGN)",21334,0.9994562262098967,0.9987344145495454,9.374707040404987e-05,False,0.9835419335764265,4.927564797477087e-05,0.0,0.5,0.2857142857142857,0.0,0.0,0.0,0.0005068423720223011,0.0,0.0005068423720223011,CRF01_AE
