gene,codon_pos,target_aas,mutated_aa,codon_pairs,pos_total,fourth_na_prevalence,target_aa_prevalence,mutated_aa_prevalence,is_drm,target_codon_prevalence,mutated_codon_prevalence,pcnt_stops_plasma,pcnt_stops_pbmc,pcnt_stops_all,mutated_codon_prevalence_A,mutated_codon_prevalence_B,mutated_codon_prevalence_C,mutated_codon_prevalence_CRF01_AE,mutated_codon_prevalence_CRF02_AG,mutated_codon_prevalence_others,mutated_codon_prevalence_other_subtype
PR,30,D,N,"GAC => AAC (GAN), GAT => AAT (GAN)",215329,0.9996585562072611,0.9885013165899623,0.011285056820028887,True,0.988609354890227,0.011226244046332916,0.012519561815336464,0.32,0.025555555555555557,0.00017031422975389594,0.01813546852811853,0.0023322569070685323,0.00020815986677768527,0.0,0.06091370558375635,B + F
PR,46,M,I,"ATGA => ATAA (NNGA), ATGG => ATAG (NNGG)",213588,0.9999673680971871,0.949051444837725,0.034987920669700544,True,0.9504387962567322,0.03311280045452625,0.010391276459268762,0.26356589147286824,0.01567858892699657,0.011600338696020321,0.04905375495427483,0.013119533527696793,0.006367041198501872,0.008053828117035375,0.15505226480836237,B + F
PR,48,G,S,"GGC => AGC (GGN), GGT => AGT (GGN)",215355,0.999995325464532,0.9934805321445984,7.893942559959137e-05,True,0.0005859061227189824,3.78003950141279e-05,0.0,,0.0,0.0,6.00513009685417e-05,0.0,0.0,0.0,0.00027442371020856203,F
PR,73,G,S,"GGC => AGC (GGN), GGT => AGT (GGN)",214815,0.9679322789962309,0.9834974280194586,0.01070688732164886,True,0.9574796189903055,0.010921588355320689,0.011400651465798045,0.5952380952380952,0.03180613404013631,0.0009341825902335456,0.018308242990974326,0.001648036686729722,8.346897041025e-05,0.001346034375647132,0.041237113402061855,B + F
RT,67,D,N,"GAC => AAC (GAN), GAT => AAT (GAN)",217326,0.9995171550588555,0.917004868262426,0.07346566908699373,True,0.9154364577561178,0.07486395476051776,0.03400272495705231,0.08266666666666667,0.03653071643314992,0.04183844861810963,0.09783149083874933,0.06319612590799031,0.040657834627683874,0.027030058322117544,0.16777939042089984,F
RT,138,EGR,K,"AGA => AAA (NGA), AGGA => AAAA (NGGA), AGGG => AAAG (NGGG), AGG => AAG (NGG), GAA => AAA (GAN), GAGA => AAAA (GAGA), GAGG => AAAG (GAGG), GAG => AAG (GAN), GGA => AAA (GGA), GGG => AAG (GGG)",218578,0.9981014009711174,0.9673434654905801,0.0020267364510609485,True,0.9689346906053656,0.0019203161996383094,0.038876889848812095,0.4117647058823529,0.07648183556405354,0.0009776641347672408,0.0018460664583925023,0.0038054098529260514,0.0005704041720990873,0.0024479804161566705,0.005797101449275362,CRF35_AD
RT,184,M,I,"ATGA => ATAA (NNGA), ATGG => ATAG (NNGG)",216870,0.9999908320803844,0.8069811407755798,0.006017429796652372,True,0.8081136108193762,0.005813203618742284,0.03058321479374111,0.8375,0.11201501877346684,0.006636838180462341,0.00473045184575223,0.009501027593409926,0.005227539814402075,0.0077919227392449514,0.016222479721900347,CRF06_cpx
RT,190,G,E,"GGA => GAA (NGA), GGGA => GAAA (NGGA), GGGG => GAAG (NGGG), GGG => GAG (NGG)",217985,0.0008300630386763262,0.949826822946533,0.001321191825125582,True,0.8929845980465815,0.00135236664162284,0.03934426229508197,0.5454545454545454,0.056074766355140186,0.0007555723460521345,0.0012755216614118768,0.003252422198637406,0.0006944160777746007,0.0002231644722160232,0.004464285714285714,CRF18_cpx
RT,190,G,S,"GGC => AGC (GGN), GGT => AGT (GGN)",217985,0.0008300630386763262,0.949826822946533,0.008931807234442738,True,0.0559400826446281,0.00843350864012021,0.019383697813121274,0.09090909090909091,0.02084343189529811,0.045636569701548925,0.007257897904371805,0.0057516518881166765,0.0029819043339732853,0.002566391430484267,0.045636569701548925,A
RT,230,M,I,"ATGA => ATAA (NNGA), ATGG => ATAG (NNGG)",211156,0.9999706799323685,0.9943312053647541,0.0002273200856238989,True,0.9946194763648014,8.951834419332193e-05,0.44,0.8587570621468926,0.734375,0.00015239256324291374,6.296039790971479e-05,6.827336655970506e-05,0.0001644736842105263,0.0,0.00028876696505919725,G
IN,118,G,R,"GGA => AGA (GGN), GGGA => AGAA (GGGA), GGGG => AGAG (GGGG), GGG => AGG (GGN)",29423,0.8518489805411272,0.9996261428134453,0.00030588315263569316,True,0.025345446217268496,,0.0,0.8333333333333334,0.35714285714285715,,,,,,,
IN,138,EGR,K,"AGA => AAA (NGA), AGGA => AAAA (NGGA), AGGG => AAAG (NGGG), AGG => AAG (NGG), GAA => AAA (GAN), GAGA => AAAA (GAGA), GAGG => AAAG (GAGG), GAG => AAG (GAN), GGA => AAA (GGA), GGG => AAG (GGG)",29287,0.0,0.9868542356677024,0.003790077508792297,True,0.9873321989033844,0.003403289846851957,0.008264462809917356,0.9117647058823529,0.2064516129032258,0.000968054211035818,0.0050521837399454895,0.0008457851705666761,0.00043821209465381246,0.0007645259938837921,0.0070126227208976155,D
IN,140,G,R,"GGA => AGA (GGN), GGGA => AGAA (GGGA), GGGG => AGAG (GGGG), GGG => AGG (GGN)",29375,0.9999239080809619,0.9863489361702128,6.808510638297873e-05,True,0.45938299356639023,3.875668552825362e-05,0.2857142857142857,0.9479166666666666,0.9029126213592233,0.0,0.0,0.0,0.0,0.0,0.003367003367003367,G
IN,140,G,S,"GGC => AGC (GGN), GGT => AGT (GGN)",29375,0.9999239080809619,0.9863489361702128,0.011540425531914894,True,0.526897139756608,0.012014572513758624,0.005249343832020997,0.75,0.012987012987012988,0.0,0.0211611130195809,0.0,0.0,0.0,0.0211611130195809,B
IN,163,EGR,K,"AGA => AAA (NGA), AGGA => AAAA (NGGA), AGGG => AAAG (NGGG), AGG => AAG (NGG), GAA => AAA (GAN), GAGA => AAAA (GAGA), GAGG => AAAG (GAGG), GAG => AAG (GAN), GGA => AAA (GGA), GGG => AAG (GGG)",29076,0.0009686168151879117,0.9727610400330169,0.0024762690879075525,True,0.962762645914397,0.0021789883268482487,0.0,0.4444444444444444,0.10126582278481013,0.0004916420845624386,0.0028299282164549974,0.0,0.0004420866489832007,0.003937007874015748,0.020618556701030927,F
IN,163,G,R,"GGA => AGA (GGN), GGGA => AGAA (GGGA), GGGG => AGAG (GGGG), GGG => AGG (GGN)",29076,0.0009686168151879117,0.9246801485761452,0.0051932865593616725,True,0.9126070038910505,0.004980544747081712,0.02,0.8285714285714286,0.35294117647058826,0.004424778761061947,0.0044174489232468245,0.0063327576280944155,0.001326259946949602,0.003937007874015748,0.044673539518900345,F
IN,232,D,N,"GAC => AAC (GAN), GAT => AAT (GAN)",29094,0.0,0.972537292912628,0.004330789853578057,True,0.9716955631926478,0.004749584894003167,0.022900763358778626,0.5833333333333334,0.06944444444444445,0.0019792182088075212,0.0064133178685952105,0.001429388221841052,0.000888494002665482,0.0030864197530864196,0.006896551724137931,G
IN,263,EGR,K,"AGA => AAA (NGA), AGGA => AAAA (NGGA), AGGG => AAAG (NGGG), AGG => AAG (NGG), GAA => AAA (GAN), GAGA => AAAA (GAGA), GAGG => AAAG (GAGG), GAG => AAG (GAN), GGA => AAA (GGA), GGG => AAG (GGG)",28931,1.0,0.9991013100134803,0.0007604299885935502,True,0.997948519450358,0.00030965744145538995,0.0,0.7857142857142857,0.2894736842105263,0.0004909180166912126,0.00027162841233192993,0.0,0.00043725404459991256,0.0007980845969672786,0.003355704697986577,F
